"LOCATION","INDICATOR","SUBJECT","MEASURE","FREQUENCY","TIME","Value","Flag Codes"
"AUS","HRWKD","TOT","HR_WKD","A","1985",1876,
"AUS","HRWKD","TOT","HR_WKD","A","1986",1877,
"AUS","HRWKD","TOT","HR_WKD","A","1987",1889,
"AUS","HRWKD","TOT","HR_WKD","A","1988",1885,
"AUS","HRWKD","TOT","HR_WKD","A","1989",1875,
"AUS","HRWKD","TOT","HR_WKD","A","1990",1853,
"AUS","HRWKD","TOT","HR_WKD","A","1991",1837,
"AUS","HRWKD","TOT","HR_WKD","A","1992",1857,
"AUS","HRWKD","TOT","HR_WKD","A","1993",1868,
"AUS","HRWKD","TOT","HR_WKD","A","1994",1863,
"AUS","HRWKD","TOT","HR_WKD","A","1995",1849,
"AUS","HRWKD","TOT","HR_WKD","A","1996",1850,
"AUS","HRWKD","TOT","HR_WKD","A","1997",1838,
"AUS","HRWKD","TOT","HR_WKD","A","1998",1843,
"AUS","HRWKD","TOT","HR_WKD","A","1999",1843,
"AUS","HRWKD","TOT","HR_WKD","A","2000",1831,
"AUS","HRWKD","TOT","HR_WKD","A","2001",1814,
"AUS","HRWKD","TOT","HR_WKD","A","2002",1794,
"AUS","HRWKD","TOT","HR_WKD","A","2003",1798,
"AUS","HRWKD","TOT","HR_WKD","A","2004",1801,
"AUS","HRWKD","TOT","HR_WKD","A","2005",1802,
"AUS","HRWKD","TOT","HR_WKD","A","2006",1801,
"AUS","HRWKD","TOT","HR_WKD","A","2007",1797,
"AUS","HRWKD","TOT","HR_WKD","A","2008",1754,
"AUS","HRWKD","TOT","HR_WKD","A","2009",1779,
"AUS","HRWKD","TOT","HR_WKD","A","2010",1755,
"AUS","HRWKD","TOT","HR_WKD","A","2011",1772,
"AUS","HRWKD","TOT","HR_WKD","A","2012",1760,
"AUS","HRWKD","TOT","HR_WKD","A","2013",1765,
"AUS","HRWKD","TOT","HR_WKD","A","2014",1761,
"AUS","HRWKD","TOT","HR_WKD","A","2015",1733,
"AUS","HRWKD","TOT","HR_WKD","A","2016",1740,
"AUS","HRWKD","TOT","HR_WKD","A","2017",1726,
"AUS","HRWKD","TOT","HR_WKD","A","2018",1723,
"AUS","HRWKD","TOT","HR_WKD","A","2019",1712,
"AUT","HRWKD","TOT","HR_WKD","A","1995",1653,
"AUT","HRWKD","TOT","HR_WKD","A","1996",1683,
"AUT","HRWKD","TOT","HR_WKD","A","1997",1691,
"AUT","HRWKD","TOT","HR_WKD","A","1998",1671,
"AUT","HRWKD","TOT","HR_WKD","A","1999",1675,
"AUT","HRWKD","TOT","HR_WKD","A","2000",1675,
"AUT","HRWKD","TOT","HR_WKD","A","2001",1663,
"AUT","HRWKD","TOT","HR_WKD","A","2002",1661,
"AUT","HRWKD","TOT","HR_WKD","A","2003",1652,
"AUT","HRWKD","TOT","HR_WKD","A","2004",1655,
"AUT","HRWKD","TOT","HR_WKD","A","2005",1632,
"AUT","HRWKD","TOT","HR_WKD","A","2006",1617,
"AUT","HRWKD","TOT","HR_WKD","A","2007",1606,
"AUT","HRWKD","TOT","HR_WKD","A","2008",1599,
"AUT","HRWKD","TOT","HR_WKD","A","2009",1558,
"AUT","HRWKD","TOT","HR_WKD","A","2010",1552,
"AUT","HRWKD","TOT","HR_WKD","A","2011",1557,
"AUT","HRWKD","TOT","HR_WKD","A","2012",1535,
"AUT","HRWKD","TOT","HR_WKD","A","2013",1520,
"AUT","HRWKD","TOT","HR_WKD","A","2014",1510,
"AUT","HRWKD","TOT","HR_WKD","A","2015",1495,
"AUT","HRWKD","TOT","HR_WKD","A","2016",1507,
"AUT","HRWKD","TOT","HR_WKD","A","2017",1498,
"AUT","HRWKD","TOT","HR_WKD","A","2018",1502,
"AUT","HRWKD","TOT","HR_WKD","A","2019",1501,
"BEL","HRWKD","TOT","HR_WKD","A","1970",1883.2,
"BEL","HRWKD","TOT","HR_WKD","A","1971",1873.4,
"BEL","HRWKD","TOT","HR_WKD","A","1972",1847.5,
"BEL","HRWKD","TOT","HR_WKD","A","1973",1820.09999999999,
"BEL","HRWKD","TOT","HR_WKD","A","1974",1791.9,
"BEL","HRWKD","TOT","HR_WKD","A","1975",1782.7,
"BEL","HRWKD","TOT","HR_WKD","A","1976",1785.5,
"BEL","HRWKD","TOT","HR_WKD","A","1977",1759.8,
"BEL","HRWKD","TOT","HR_WKD","A","1978",1743,
"BEL","HRWKD","TOT","HR_WKD","A","1979",1726.59999999999,
"BEL","HRWKD","TOT","HR_WKD","A","1980",1706.5,
"BEL","HRWKD","TOT","HR_WKD","A","1981",1683.4,
"BEL","HRWKD","TOT","HR_WKD","A","1982",1669,
"BEL","HRWKD","TOT","HR_WKD","A","1983",1674.9,
"BEL","HRWKD","TOT","HR_WKD","A","1984",1699,
"BEL","HRWKD","TOT","HR_WKD","A","1985",1705,
"BEL","HRWKD","TOT","HR_WKD","A","1986",1685,
"BEL","HRWKD","TOT","HR_WKD","A","1987",1669.9,
"BEL","HRWKD","TOT","HR_WKD","A","1988",1657.9,
"BEL","HRWKD","TOT","HR_WKD","A","1989",1648.9,
"BEL","HRWKD","TOT","HR_WKD","A","1990",1662.9,
"BEL","HRWKD","TOT","HR_WKD","A","1991",1625.8,
"BEL","HRWKD","TOT","HR_WKD","A","1992",1602.7,
"BEL","HRWKD","TOT","HR_WKD","A","1993",1558.59999999999,
"BEL","HRWKD","TOT","HR_WKD","A","1994",1558.59999999999,
"BEL","HRWKD","TOT","HR_WKD","A","1995",1578,
"BEL","HRWKD","TOT","HR_WKD","A","1996",1575,
"BEL","HRWKD","TOT","HR_WKD","A","1997",1582,
"BEL","HRWKD","TOT","HR_WKD","A","1998",1574,
"BEL","HRWKD","TOT","HR_WKD","A","1999",1575,
"BEL","HRWKD","TOT","HR_WKD","A","2000",1589,
"BEL","HRWKD","TOT","HR_WKD","A","2001",1581,
"BEL","HRWKD","TOT","HR_WKD","A","2002",1594,
"BEL","HRWKD","TOT","HR_WKD","A","2003",1598,
"BEL","HRWKD","TOT","HR_WKD","A","2004",1588,
"BEL","HRWKD","TOT","HR_WKD","A","2005",1578,
"BEL","HRWKD","TOT","HR_WKD","A","2006",1592,
"BEL","HRWKD","TOT","HR_WKD","A","2007",1594,
"BEL","HRWKD","TOT","HR_WKD","A","2008",1582,
"BEL","HRWKD","TOT","HR_WKD","A","2009",1563,
"BEL","HRWKD","TOT","HR_WKD","A","2010",1574,
"BEL","HRWKD","TOT","HR_WKD","A","2011",1590,
"BEL","HRWKD","TOT","HR_WKD","A","2012",1587,
"BEL","HRWKD","TOT","HR_WKD","A","2013",1586,
"BEL","HRWKD","TOT","HR_WKD","A","2014",1582,
"BEL","HRWKD","TOT","HR_WKD","A","2015",1575,
"BEL","HRWKD","TOT","HR_WKD","A","2016",1574,
"BEL","HRWKD","TOT","HR_WKD","A","2017",1578,
"BEL","HRWKD","TOT","HR_WKD","A","2018",1583,
"CAN","HRWKD","TOT","HR_WKD","A","1961",2059,
"CAN","HRWKD","TOT","HR_WKD","A","1962",2058,
"CAN","HRWKD","TOT","HR_WKD","A","1963",2041,
"CAN","HRWKD","TOT","HR_WKD","A","1964",2033,
"CAN","HRWKD","TOT","HR_WKD","A","1965",2016,
"CAN","HRWKD","TOT","HR_WKD","A","1966",2001,
"CAN","HRWKD","TOT","HR_WKD","A","1967",1993,
"CAN","HRWKD","TOT","HR_WKD","A","1968",1958,
"CAN","HRWKD","TOT","HR_WKD","A","1969",1943,
"CAN","HRWKD","TOT","HR_WKD","A","1970",1925,
"CAN","HRWKD","TOT","HR_WKD","A","1971",1912,
"CAN","HRWKD","TOT","HR_WKD","A","1972",1904,
"CAN","HRWKD","TOT","HR_WKD","A","1973",1898,
"CAN","HRWKD","TOT","HR_WKD","A","1974",1891,
"CAN","HRWKD","TOT","HR_WKD","A","1975",1872,
"CAN","HRWKD","TOT","HR_WKD","A","1976",1862,
"CAN","HRWKD","TOT","HR_WKD","A","1977",1834,
"CAN","HRWKD","TOT","HR_WKD","A","1978",1836,
"CAN","HRWKD","TOT","HR_WKD","A","1979",1841,
"CAN","HRWKD","TOT","HR_WKD","A","1980",1827,
"CAN","HRWKD","TOT","HR_WKD","A","1981",1812,
"CAN","HRWKD","TOT","HR_WKD","A","1982",1789,
"CAN","HRWKD","TOT","HR_WKD","A","1983",1779,
"CAN","HRWKD","TOT","HR_WKD","A","1984",1789,
"CAN","HRWKD","TOT","HR_WKD","A","1985",1795,
"CAN","HRWKD","TOT","HR_WKD","A","1986",1797,
"CAN","HRWKD","TOT","HR_WKD","A","1987",1807,
"CAN","HRWKD","TOT","HR_WKD","A","1988",1808,
"CAN","HRWKD","TOT","HR_WKD","A","1989",1802,
"CAN","HRWKD","TOT","HR_WKD","A","1990",1797,
"CAN","HRWKD","TOT","HR_WKD","A","1991",1775,
"CAN","HRWKD","TOT","HR_WKD","A","1992",1772,
"CAN","HRWKD","TOT","HR_WKD","A","1993",1769,
"CAN","HRWKD","TOT","HR_WKD","A","1994",1778,
"CAN","HRWKD","TOT","HR_WKD","A","1995",1775,
"CAN","HRWKD","TOT","HR_WKD","A","1996",1790,
"CAN","HRWKD","TOT","HR_WKD","A","1997",1798,
"CAN","HRWKD","TOT","HR_WKD","A","1998",1794,
"CAN","HRWKD","TOT","HR_WKD","A","1999",1793,
"CAN","HRWKD","TOT","HR_WKD","A","2000",1787,
"CAN","HRWKD","TOT","HR_WKD","A","2001",1774,
"CAN","HRWKD","TOT","HR_WKD","A","2002",1755,
"CAN","HRWKD","TOT","HR_WKD","A","2003",1745,
"CAN","HRWKD","TOT","HR_WKD","A","2004",1755,
"CAN","HRWKD","TOT","HR_WKD","A","2005",1745,
"CAN","HRWKD","TOT","HR_WKD","A","2006",1744,
"CAN","HRWKD","TOT","HR_WKD","A","2007",1744,
"CAN","HRWKD","TOT","HR_WKD","A","2008",1741,
"CAN","HRWKD","TOT","HR_WKD","A","2009",1712,
"CAN","HRWKD","TOT","HR_WKD","A","2010",1715,
"CAN","HRWKD","TOT","HR_WKD","A","2011",1713,
"CAN","HRWKD","TOT","HR_WKD","A","2012",1722,
"CAN","HRWKD","TOT","HR_WKD","A","2013",1716,
"CAN","HRWKD","TOT","HR_WKD","A","2014",1710,
"CAN","HRWKD","TOT","HR_WKD","A","2015",1712,
"CAN","HRWKD","TOT","HR_WKD","A","2016",1706,
"CAN","HRWKD","TOT","HR_WKD","A","2017",1695,
"CAN","HRWKD","TOT","HR_WKD","A","2018",1708,
"CAN","HRWKD","TOT","HR_WKD","A","2019",1670,
"CZE","HRWKD","TOT","HR_WKD","A","1993",1857,
"CZE","HRWKD","TOT","HR_WKD","A","1994",1839,
"CZE","HRWKD","TOT","HR_WKD","A","1995",1858,
"CZE","HRWKD","TOT","HR_WKD","A","1996",1853,
"CZE","HRWKD","TOT","HR_WKD","A","1997",1858,
"CZE","HRWKD","TOT","HR_WKD","A","1998",1877,
"CZE","HRWKD","TOT","HR_WKD","A","1999",1894,
"CZE","HRWKD","TOT","HR_WKD","A","2000",1896,
"CZE","HRWKD","TOT","HR_WKD","A","2001",1818,
"CZE","HRWKD","TOT","HR_WKD","A","2002",1817,
"CZE","HRWKD","TOT","HR_WKD","A","2003",1806,
"CZE","HRWKD","TOT","HR_WKD","A","2004",1817,
"CZE","HRWKD","TOT","HR_WKD","A","2005",1817,
"CZE","HRWKD","TOT","HR_WKD","A","2006",1799,
"CZE","HRWKD","TOT","HR_WKD","A","2007",1784,
"CZE","HRWKD","TOT","HR_WKD","A","2008",1790,
"CZE","HRWKD","TOT","HR_WKD","A","2009",1779,
"CZE","HRWKD","TOT","HR_WKD","A","2010",1800,
"CZE","HRWKD","TOT","HR_WKD","A","2011",1806,
"CZE","HRWKD","TOT","HR_WKD","A","2012",1776,
"CZE","HRWKD","TOT","HR_WKD","A","2013",1763,
"CZE","HRWKD","TOT","HR_WKD","A","2014",1777,
"CZE","HRWKD","TOT","HR_WKD","A","2015",1756,
"CZE","HRWKD","TOT","HR_WKD","A","2016",1779,
"CZE","HRWKD","TOT","HR_WKD","A","2017",1784,
"CZE","HRWKD","TOT","HR_WKD","A","2018",1792,
"CZE","HRWKD","TOT","HR_WKD","A","2019",1788,
"DNK","HRWKD","TOT","HR_WKD","A","1970",1845,
"DNK","HRWKD","TOT","HR_WKD","A","1971",1810,
"DNK","HRWKD","TOT","HR_WKD","A","1972",1752,
"DNK","HRWKD","TOT","HR_WKD","A","1973",1710,
"DNK","HRWKD","TOT","HR_WKD","A","1974",1691,
"DNK","HRWKD","TOT","HR_WKD","A","1975",1617,
"DNK","HRWKD","TOT","HR_WKD","A","1976",1624,
"DNK","HRWKD","TOT","HR_WKD","A","1977",1598,
"DNK","HRWKD","TOT","HR_WKD","A","1978",1575,
"DNK","HRWKD","TOT","HR_WKD","A","1979",1564,
"DNK","HRWKD","TOT","HR_WKD","A","1980",1577,
"DNK","HRWKD","TOT","HR_WKD","A","1981",1546,
"DNK","HRWKD","TOT","HR_WKD","A","1982",1553,
"DNK","HRWKD","TOT","HR_WKD","A","1983",1546,
"DNK","HRWKD","TOT","HR_WKD","A","1984",1541,
"DNK","HRWKD","TOT","HR_WKD","A","1985",1527,
"DNK","HRWKD","TOT","HR_WKD","A","1986",1531,
"DNK","HRWKD","TOT","HR_WKD","A","1987",1493,
"DNK","HRWKD","TOT","HR_WKD","A","1988",1471,
"DNK","HRWKD","TOT","HR_WKD","A","1989",1455,
"DNK","HRWKD","TOT","HR_WKD","A","1990",1441,
"DNK","HRWKD","TOT","HR_WKD","A","1991",1437,
"DNK","HRWKD","TOT","HR_WKD","A","1992",1452,
"DNK","HRWKD","TOT","HR_WKD","A","1993",1449,
"DNK","HRWKD","TOT","HR_WKD","A","1994",1407,
"DNK","HRWKD","TOT","HR_WKD","A","1995",1419,
"DNK","HRWKD","TOT","HR_WKD","A","1996",1412,
"DNK","HRWKD","TOT","HR_WKD","A","1997",1428,
"DNK","HRWKD","TOT","HR_WKD","A","1998",1441,
"DNK","HRWKD","TOT","HR_WKD","A","1999",1456,
"DNK","HRWKD","TOT","HR_WKD","A","2000",1466,
"DNK","HRWKD","TOT","HR_WKD","A","2001",1469,
"DNK","HRWKD","TOT","HR_WKD","A","2002",1463,
"DNK","HRWKD","TOT","HR_WKD","A","2003",1458,
"DNK","HRWKD","TOT","HR_WKD","A","2004",1458,
"DNK","HRWKD","TOT","HR_WKD","A","2005",1451,
"DNK","HRWKD","TOT","HR_WKD","A","2006",1456,
"DNK","HRWKD","TOT","HR_WKD","A","2007",1433,
"DNK","HRWKD","TOT","HR_WKD","A","2008",1430,
"DNK","HRWKD","TOT","HR_WKD","A","2009",1417,
"DNK","HRWKD","TOT","HR_WKD","A","2010",1422,
"DNK","HRWKD","TOT","HR_WKD","A","2011",1437,
"DNK","HRWKD","TOT","HR_WKD","A","2012",1423,
"DNK","HRWKD","TOT","HR_WKD","A","2013",1426,
"DNK","HRWKD","TOT","HR_WKD","A","2014",1414,
"DNK","HRWKD","TOT","HR_WKD","A","2015",1407,
"DNK","HRWKD","TOT","HR_WKD","A","2016",1412,
"DNK","HRWKD","TOT","HR_WKD","A","2017",1405,
"DNK","HRWKD","TOT","HR_WKD","A","2018",1382,
"DNK","HRWKD","TOT","HR_WKD","A","2019",1380,
"FIN","HRWKD","TOT","HR_WKD","A","1960",1967,
"FIN","HRWKD","TOT","HR_WKD","A","1961",1966,
"FIN","HRWKD","TOT","HR_WKD","A","1962",1959,
"FIN","HRWKD","TOT","HR_WKD","A","1963",1956,
"FIN","HRWKD","TOT","HR_WKD","A","1964",1980,
"FIN","HRWKD","TOT","HR_WKD","A","1965",1980,
"FIN","HRWKD","TOT","HR_WKD","A","1966",1957,
"FIN","HRWKD","TOT","HR_WKD","A","1967",1940,
"FIN","HRWKD","TOT","HR_WKD","A","1968",1925,
"FIN","HRWKD","TOT","HR_WKD","A","1969",1907,
"FIN","HRWKD","TOT","HR_WKD","A","1970",1918,
"FIN","HRWKD","TOT","HR_WKD","A","1971",1884,
"FIN","HRWKD","TOT","HR_WKD","A","1972",1869,
"FIN","HRWKD","TOT","HR_WKD","A","1973",1853,
"FIN","HRWKD","TOT","HR_WKD","A","1974",1848,
"FIN","HRWKD","TOT","HR_WKD","A","1975",1779,
"FIN","HRWKD","TOT","HR_WKD","A","1976",1776,
"FIN","HRWKD","TOT","HR_WKD","A","1977",1769,
"FIN","HRWKD","TOT","HR_WKD","A","1978",1774,
"FIN","HRWKD","TOT","HR_WKD","A","1979",1751,
"FIN","HRWKD","TOT","HR_WKD","A","1980",1732,
"FIN","HRWKD","TOT","HR_WKD","A","1981",1726,
"FIN","HRWKD","TOT","HR_WKD","A","1982",1719,
"FIN","HRWKD","TOT","HR_WKD","A","1983",1709,
"FIN","HRWKD","TOT","HR_WKD","A","1984",1705,
"FIN","HRWKD","TOT","HR_WKD","A","1985",1699,
"FIN","HRWKD","TOT","HR_WKD","A","1986",1683,
"FIN","HRWKD","TOT","HR_WKD","A","1987",1690,
"FIN","HRWKD","TOT","HR_WKD","A","1988",1694,
"FIN","HRWKD","TOT","HR_WKD","A","1989",1694,
"FIN","HRWKD","TOT","HR_WKD","A","1990",1671,
"FIN","HRWKD","TOT","HR_WKD","A","1991",1652,
"FIN","HRWKD","TOT","HR_WKD","A","1992",1652,
"FIN","HRWKD","TOT","HR_WKD","A","1993",1651,
"FIN","HRWKD","TOT","HR_WKD","A","1994",1671,
"FIN","HRWKD","TOT","HR_WKD","A","1995",1677,
"FIN","HRWKD","TOT","HR_WKD","A","1996",1675,
"FIN","HRWKD","TOT","HR_WKD","A","1997",1671,
"FIN","HRWKD","TOT","HR_WKD","A","1998",1661,
"FIN","HRWKD","TOT","HR_WKD","A","1999",1661,
"FIN","HRWKD","TOT","HR_WKD","A","2000",1650,
"FIN","HRWKD","TOT","HR_WKD","A","2001",1636,
"FIN","HRWKD","TOT","HR_WKD","A","2002",1628,
"FIN","HRWKD","TOT","HR_WKD","A","2003",1623,
"FIN","HRWKD","TOT","HR_WKD","A","2004",1624,
"FIN","HRWKD","TOT","HR_WKD","A","2005",1613,
"FIN","HRWKD","TOT","HR_WKD","A","2006",1608,
"FIN","HRWKD","TOT","HR_WKD","A","2007",1605,
"FIN","HRWKD","TOT","HR_WKD","A","2008",1601,
"FIN","HRWKD","TOT","HR_WKD","A","2009",1580,
"FIN","HRWKD","TOT","HR_WKD","A","2010",1585,
"FIN","HRWKD","TOT","HR_WKD","A","2011",1578,
"FIN","HRWKD","TOT","HR_WKD","A","2012",1568,
"FIN","HRWKD","TOT","HR_WKD","A","2013",1560,
"FIN","HRWKD","TOT","HR_WKD","A","2014",1558,
"FIN","HRWKD","TOT","HR_WKD","A","2015",1555,
"FIN","HRWKD","TOT","HR_WKD","A","2016",1555,
"FIN","HRWKD","TOT","HR_WKD","A","2017",1549,
"FIN","HRWKD","TOT","HR_WKD","A","2018",1546,
"FIN","HRWKD","TOT","HR_WKD","A","2019",1540,
"FRA","HRWKD","TOT","HR_WKD","A","1950",2351,
"FRA","HRWKD","TOT","HR_WKD","A","1951",2360,
"FRA","HRWKD","TOT","HR_WKD","A","1952",2339,
"FRA","HRWKD","TOT","HR_WKD","A","1953",2313,
"FRA","HRWKD","TOT","HR_WKD","A","1954",2316,
"FRA","HRWKD","TOT","HR_WKD","A","1955",2292,
"FRA","HRWKD","TOT","HR_WKD","A","1956",2236,
"FRA","HRWKD","TOT","HR_WKD","A","1957",2200,
"FRA","HRWKD","TOT","HR_WKD","A","1958",2179,
"FRA","HRWKD","TOT","HR_WKD","A","1959",2179,
"FRA","HRWKD","TOT","HR_WKD","A","1960",2188,
"FRA","HRWKD","TOT","HR_WKD","A","1961",2165,
"FRA","HRWKD","TOT","HR_WKD","A","1962",2178,
"FRA","HRWKD","TOT","HR_WKD","A","1963",2159,
"FRA","HRWKD","TOT","HR_WKD","A","1964",2166,
"FRA","HRWKD","TOT","HR_WKD","A","1965",2153,
"FRA","HRWKD","TOT","HR_WKD","A","1966",2145,
"FRA","HRWKD","TOT","HR_WKD","A","1967",2110,
"FRA","HRWKD","TOT","HR_WKD","A","1968",2087,
"FRA","HRWKD","TOT","HR_WKD","A","1969",2012,
"FRA","HRWKD","TOT","HR_WKD","A","1970",1993,
"FRA","HRWKD","TOT","HR_WKD","A","1971",1990,
"FRA","HRWKD","TOT","HR_WKD","A","1972",1937,
"FRA","HRWKD","TOT","HR_WKD","A","1973",1920,
"FRA","HRWKD","TOT","HR_WKD","A","1974",1888,
"FRA","HRWKD","TOT","HR_WKD","A","1975",1863,
"FRA","HRWKD","TOT","HR_WKD","A","1976",1889,
"FRA","HRWKD","TOT","HR_WKD","A","1977",1850,
"FRA","HRWKD","TOT","HR_WKD","A","1978",1819,
"FRA","HRWKD","TOT","HR_WKD","A","1979",1816,
"FRA","HRWKD","TOT","HR_WKD","A","1980",1806,
"FRA","HRWKD","TOT","HR_WKD","A","1981",1786,
"FRA","HRWKD","TOT","HR_WKD","A","1982",1714,
"FRA","HRWKD","TOT","HR_WKD","A","1983",1696,
"FRA","HRWKD","TOT","HR_WKD","A","1984",1690,
"FRA","HRWKD","TOT","HR_WKD","A","1985",1654,
"FRA","HRWKD","TOT","HR_WKD","A","1986",1648,
"FRA","HRWKD","TOT","HR_WKD","A","1987",1659,
"FRA","HRWKD","TOT","HR_WKD","A","1988",1667,
"FRA","HRWKD","TOT","HR_WKD","A","1989",1651,
"FRA","HRWKD","TOT","HR_WKD","A","1990",1645,
"FRA","HRWKD","TOT","HR_WKD","A","1991",1638,
"FRA","HRWKD","TOT","HR_WKD","A","1992",1635,
"FRA","HRWKD","TOT","HR_WKD","A","1993",1627,
"FRA","HRWKD","TOT","HR_WKD","A","1994",1623,
"FRA","HRWKD","TOT","HR_WKD","A","1995",1601,
"FRA","HRWKD","TOT","HR_WKD","A","1996",1597,
"FRA","HRWKD","TOT","HR_WKD","A","1997",1596,
"FRA","HRWKD","TOT","HR_WKD","A","1998",1585,
"FRA","HRWKD","TOT","HR_WKD","A","1999",1578,
"FRA","HRWKD","TOT","HR_WKD","A","2000",1558,
"FRA","HRWKD","TOT","HR_WKD","A","2001",1538,
"FRA","HRWKD","TOT","HR_WKD","A","2002",1504,
"FRA","HRWKD","TOT","HR_WKD","A","2003",1507,
"FRA","HRWKD","TOT","HR_WKD","A","2004",1531,
"FRA","HRWKD","TOT","HR_WKD","A","2005",1532,
"FRA","HRWKD","TOT","HR_WKD","A","2006",1515,
"FRA","HRWKD","TOT","HR_WKD","A","2007",1537,
"FRA","HRWKD","TOT","HR_WKD","A","2008",1543,
"FRA","HRWKD","TOT","HR_WKD","A","2009",1531,
"FRA","HRWKD","TOT","HR_WKD","A","2010",1540,
"FRA","HRWKD","TOT","HR_WKD","A","2011",1546,
"FRA","HRWKD","TOT","HR_WKD","A","2012",1541,
"FRA","HRWKD","TOT","HR_WKD","A","2013",1526,
"FRA","HRWKD","TOT","HR_WKD","A","2014",1518,
"FRA","HRWKD","TOT","HR_WKD","A","2015",1519,
"FRA","HRWKD","TOT","HR_WKD","A","2016",1522,
"FRA","HRWKD","TOT","HR_WKD","A","2017",1505,
"FRA","HRWKD","TOT","HR_WKD","A","2018",1495,
"FRA","HRWKD","TOT","HR_WKD","A","2019",1505,
"DEU","HRWKD","TOT","HR_WKD","A","1991",1554.09999999999,
"DEU","HRWKD","TOT","HR_WKD","A","1992",1565.09999999999,
"DEU","HRWKD","TOT","HR_WKD","A","1993",1540.2,
"DEU","HRWKD","TOT","HR_WKD","A","1994",1536.59999999999,
"DEU","HRWKD","TOT","HR_WKD","A","1995",1530.59999999999,
"DEU","HRWKD","TOT","HR_WKD","A","1996",1516.8,
"DEU","HRWKD","TOT","HR_WKD","A","1997",1507.7,
"DEU","HRWKD","TOT","HR_WKD","A","1998",1504.5,
"DEU","HRWKD","TOT","HR_WKD","A","1999",1491.5,
"DEU","HRWKD","TOT","HR_WKD","A","2000",1465.9,
"DEU","HRWKD","TOT","HR_WKD","A","2001",1458.2,
"DEU","HRWKD","TOT","HR_WKD","A","2002",1448.9,
"DEU","HRWKD","TOT","HR_WKD","A","2003",1443.4,
"DEU","HRWKD","TOT","HR_WKD","A","2004",1442.59999999999,
"DEU","HRWKD","TOT","HR_WKD","A","2005",1432.4,
"DEU","HRWKD","TOT","HR_WKD","A","2006",1453.2,
"DEU","HRWKD","TOT","HR_WKD","A","2007",1454.09999999999,
"DEU","HRWKD","TOT","HR_WKD","A","2008",1447.3,
"DEU","HRWKD","TOT","HR_WKD","A","2009",1405,
"DEU","HRWKD","TOT","HR_WKD","A","2010",1425.7,
"DEU","HRWKD","TOT","HR_WKD","A","2011",1426.9,
"DEU","HRWKD","TOT","HR_WKD","A","2012",1408,
"DEU","HRWKD","TOT","HR_WKD","A","2013",1396.5,
"DEU","HRWKD","TOT","HR_WKD","A","2014",1400.4,
"DEU","HRWKD","TOT","HR_WKD","A","2015",1400.8,
"DEU","HRWKD","TOT","HR_WKD","A","2016",1394.8,
"DEU","HRWKD","TOT","HR_WKD","A","2017",1391.3,
"DEU","HRWKD","TOT","HR_WKD","A","2018",1389.9,
"DEU","HRWKD","TOT","HR_WKD","A","2019",1386.09999999999,
"GRC","HRWKD","TOT","HR_WKD","A","1983",2092,
"GRC","HRWKD","TOT","HR_WKD","A","1984",2022,
"GRC","HRWKD","TOT","HR_WKD","A","1985",2039,
"GRC","HRWKD","TOT","HR_WKD","A","1986",2028,
"GRC","HRWKD","TOT","HR_WKD","A","1987",1987,
"GRC","HRWKD","TOT","HR_WKD","A","1988",1975,
"GRC","HRWKD","TOT","HR_WKD","A","1989",2016,
"GRC","HRWKD","TOT","HR_WKD","A","1990",1994,
"GRC","HRWKD","TOT","HR_WKD","A","1991",2024,
"GRC","HRWKD","TOT","HR_WKD","A","1992",2051,
"GRC","HRWKD","TOT","HR_WKD","A","1993",2071,
"GRC","HRWKD","TOT","HR_WKD","A","1994",2037,
"GRC","HRWKD","TOT","HR_WKD","A","1995",2020,
"GRC","HRWKD","TOT","HR_WKD","A","1996",2019,
"GRC","HRWKD","TOT","HR_WKD","A","1997",2017,
"GRC","HRWKD","TOT","HR_WKD","A","1998",2018,
"GRC","HRWKD","TOT","HR_WKD","A","1999",2014,
"GRC","HRWKD","TOT","HR_WKD","A","2000",2017,
"GRC","HRWKD","TOT","HR_WKD","A","2001",2011,
"GRC","HRWKD","TOT","HR_WKD","A","2002",2003,
"GRC","HRWKD","TOT","HR_WKD","A","2003",2001,
"GRC","HRWKD","TOT","HR_WKD","A","2004",1993,
"GRC","HRWKD","TOT","HR_WKD","A","2005",2044,
"GRC","HRWKD","TOT","HR_WKD","A","2006",2034,
"GRC","HRWKD","TOT","HR_WKD","A","2007",2020,
"GRC","HRWKD","TOT","HR_WKD","A","2008",2015,
"GRC","HRWKD","TOT","HR_WKD","A","2009",1992,
"GRC","HRWKD","TOT","HR_WKD","A","2010",1933,
"GRC","HRWKD","TOT","HR_WKD","A","2011",1950,
"GRC","HRWKD","TOT","HR_WKD","A","2012",1967,
"GRC","HRWKD","TOT","HR_WKD","A","2013",1971,
"GRC","HRWKD","TOT","HR_WKD","A","2014",1934,
"GRC","HRWKD","TOT","HR_WKD","A","2015",1944,
"GRC","HRWKD","TOT","HR_WKD","A","2016",1943,
"GRC","HRWKD","TOT","HR_WKD","A","2017",1957,
"GRC","HRWKD","TOT","HR_WKD","A","2018",1956,
"GRC","HRWKD","TOT","HR_WKD","A","2019",1949,
"HUN","HRWKD","TOT","HR_WKD","A","1980",2348,
"HUN","HRWKD","TOT","HR_WKD","A","1981",2347,
"HUN","HRWKD","TOT","HR_WKD","A","1982",2248,
"HUN","HRWKD","TOT","HR_WKD","A","1983",2226,
"HUN","HRWKD","TOT","HR_WKD","A","1984",2149,
"HUN","HRWKD","TOT","HR_WKD","A","1985",2120,
"HUN","HRWKD","TOT","HR_WKD","A","1986",2111,
"HUN","HRWKD","TOT","HR_WKD","A","1987",2158,
"HUN","HRWKD","TOT","HR_WKD","A","1988",2151,
"HUN","HRWKD","TOT","HR_WKD","A","1989",2125,
"HUN","HRWKD","TOT","HR_WKD","A","1990",2082,
"HUN","HRWKD","TOT","HR_WKD","A","1991",2048,
"HUN","HRWKD","TOT","HR_WKD","A","1992",2002,
"HUN","HRWKD","TOT","HR_WKD","A","1993",2002,
"HUN","HRWKD","TOT","HR_WKD","A","1994",2142,
"HUN","HRWKD","TOT","HR_WKD","A","1995",1948,
"HUN","HRWKD","TOT","HR_WKD","A","1996",1946,
"HUN","HRWKD","TOT","HR_WKD","A","1997",1954.3,
"HUN","HRWKD","TOT","HR_WKD","A","1998",1945.09999999999,
"HUN","HRWKD","TOT","HR_WKD","A","1999",1952.4,
"HUN","HRWKD","TOT","HR_WKD","A","2000",1932.4,
"HUN","HRWKD","TOT","HR_WKD","A","2001",1897.8,
"HUN","HRWKD","TOT","HR_WKD","A","2002",1883.59999999999,
"HUN","HRWKD","TOT","HR_WKD","A","2003",1856.3,
"HUN","HRWKD","TOT","HR_WKD","A","2004",1858.59999999999,
"HUN","HRWKD","TOT","HR_WKD","A","2005",1834.09999999999,
"HUN","HRWKD","TOT","HR_WKD","A","2006",1813.9,
"HUN","HRWKD","TOT","HR_WKD","A","2007",1787.8,
"HUN","HRWKD","TOT","HR_WKD","A","2008",1791.2,
"HUN","HRWKD","TOT","HR_WKD","A","2009",1758.2,
"HUN","HRWKD","TOT","HR_WKD","A","2010",1766.4,
"HUN","HRWKD","TOT","HR_WKD","A","2011",1753.7,
"HUN","HRWKD","TOT","HR_WKD","A","2012",1738.3,
"HUN","HRWKD","TOT","HR_WKD","A","2013",1733.59999999999,
"HUN","HRWKD","TOT","HR_WKD","A","2014",1748.59999999999,
"HUN","HRWKD","TOT","HR_WKD","A","2015",1745.9,
"HUN","HRWKD","TOT","HR_WKD","A","2016",1760.2,
"HUN","HRWKD","TOT","HR_WKD","A","2017",1747.4,
"HUN","HRWKD","TOT","HR_WKD","A","2018",1728.9,
"HUN","HRWKD","TOT","HR_WKD","A","2019",1725.2,
"ISL","HRWKD","TOT","HR_WKD","A","1970",1954,
"ISL","HRWKD","TOT","HR_WKD","A","1971",1916,
"ISL","HRWKD","TOT","HR_WKD","A","1972",1883,
"ISL","HRWKD","TOT","HR_WKD","A","1973",1866,
"ISL","HRWKD","TOT","HR_WKD","A","1974",1841,
"ISL","HRWKD","TOT","HR_WKD","A","1975",1817,
"ISL","HRWKD","TOT","HR_WKD","A","1976",1790,
"ISL","HRWKD","TOT","HR_WKD","A","1977",1748,
"ISL","HRWKD","TOT","HR_WKD","A","1978",1710,
"ISL","HRWKD","TOT","HR_WKD","A","1979",1697,
"ISL","HRWKD","TOT","HR_WKD","A","1980",1688,
"ISL","HRWKD","TOT","HR_WKD","A","1981",1681,
"ISL","HRWKD","TOT","HR_WKD","A","1982",1684,
"ISL","HRWKD","TOT","HR_WKD","A","1983",1684,
"ISL","HRWKD","TOT","HR_WKD","A","1984",1682,
"ISL","HRWKD","TOT","HR_WKD","A","1985",1681,
"ISL","HRWKD","TOT","HR_WKD","A","1986",1674,
"ISL","HRWKD","TOT","HR_WKD","A","1987",1672,
"ISL","HRWKD","TOT","HR_WKD","A","1988",1679,
"ISL","HRWKD","TOT","HR_WKD","A","1989",1675,
"ISL","HRWKD","TOT","HR_WKD","A","1990",1665,
"ISL","HRWKD","TOT","HR_WKD","A","1991",1668,
"ISL","HRWKD","TOT","HR_WKD","A","1992",1668,
"ISL","HRWKD","TOT","HR_WKD","A","1993",1683,
"ISL","HRWKD","TOT","HR_WKD","A","1994",1655,
"ISL","HRWKD","TOT","HR_WKD","A","1995",1641,
"ISL","HRWKD","TOT","HR_WKD","A","1996",1659,
"ISL","HRWKD","TOT","HR_WKD","A","1997",1684,
"ISL","HRWKD","TOT","HR_WKD","A","1998",1665,
"ISL","HRWKD","TOT","HR_WKD","A","1999",1645,
"ISL","HRWKD","TOT","HR_WKD","A","2000",1696,
"ISL","HRWKD","TOT","HR_WKD","A","2001",1707,
"ISL","HRWKD","TOT","HR_WKD","A","2002",1672,
"ISL","HRWKD","TOT","HR_WKD","A","2003",1639,
"ISL","HRWKD","TOT","HR_WKD","A","2004",1645,
"ISL","HRWKD","TOT","HR_WKD","A","2005",1637,
"ISL","HRWKD","TOT","HR_WKD","A","2006",1627,
"ISL","HRWKD","TOT","HR_WKD","A","2007",1605,
"ISL","HRWKD","TOT","HR_WKD","A","2008",1607,
"ISL","HRWKD","TOT","HR_WKD","A","2009",1512,
"ISL","HRWKD","TOT","HR_WKD","A","2010",1503,
"ISL","HRWKD","TOT","HR_WKD","A","2011",1512,
"ISL","HRWKD","TOT","HR_WKD","A","2012",1498,
"ISL","HRWKD","TOT","HR_WKD","A","2013",1500,
"ISL","HRWKD","TOT","HR_WKD","A","2014",1488,
"ISL","HRWKD","TOT","HR_WKD","A","2015",1486,
"ISL","HRWKD","TOT","HR_WKD","A","2016",1474,
"ISL","HRWKD","TOT","HR_WKD","A","2017",1464,
"ISL","HRWKD","TOT","HR_WKD","A","2018",1449,
"ISL","HRWKD","TOT","HR_WKD","A","2019",1454,
"IRL","HRWKD","TOT","HR_WKD","A","1970",2335,
"IRL","HRWKD","TOT","HR_WKD","A","1971",2318,
"IRL","HRWKD","TOT","HR_WKD","A","1972",2297,
"IRL","HRWKD","TOT","HR_WKD","A","1973",2285,
"IRL","HRWKD","TOT","HR_WKD","A","1974",2248,
"IRL","HRWKD","TOT","HR_WKD","A","1975",2239,
"IRL","HRWKD","TOT","HR_WKD","A","1976",2233,
"IRL","HRWKD","TOT","HR_WKD","A","1977",2203,
"IRL","HRWKD","TOT","HR_WKD","A","1978",2184,
"IRL","HRWKD","TOT","HR_WKD","A","1979",2162,
"IRL","HRWKD","TOT","HR_WKD","A","1980",2123,
"IRL","HRWKD","TOT","HR_WKD","A","1981",2091,
"IRL","HRWKD","TOT","HR_WKD","A","1982",2084,
"IRL","HRWKD","TOT","HR_WKD","A","1983",2074,
"IRL","HRWKD","TOT","HR_WKD","A","1984",2056,
"IRL","HRWKD","TOT","HR_WKD","A","1985",2063,
"IRL","HRWKD","TOT","HR_WKD","A","1986",2097,
"IRL","HRWKD","TOT","HR_WKD","A","1987",2077,
"IRL","HRWKD","TOT","HR_WKD","A","1988",2085,
"IRL","HRWKD","TOT","HR_WKD","A","1989",2092,
"IRL","HRWKD","TOT","HR_WKD","A","1990",2081,
"IRL","HRWKD","TOT","HR_WKD","A","1991",2046,
"IRL","HRWKD","TOT","HR_WKD","A","1992",1998,
"IRL","HRWKD","TOT","HR_WKD","A","1993",1971,
"IRL","HRWKD","TOT","HR_WKD","A","1994",1971,
"IRL","HRWKD","TOT","HR_WKD","A","1995",1963,
"IRL","HRWKD","TOT","HR_WKD","A","1996",1954,
"IRL","HRWKD","TOT","HR_WKD","A","1997",1954,
"IRL","HRWKD","TOT","HR_WKD","A","1998",1953,
"IRL","HRWKD","TOT","HR_WKD","A","1999",1942,
"IRL","HRWKD","TOT","HR_WKD","A","2000",1933,
"IRL","HRWKD","TOT","HR_WKD","A","2001",1924,
"IRL","HRWKD","TOT","HR_WKD","A","2002",1904,
"IRL","HRWKD","TOT","HR_WKD","A","2003",1887,
"IRL","HRWKD","TOT","HR_WKD","A","2004",1875,
"IRL","HRWKD","TOT","HR_WKD","A","2005",1883,
"IRL","HRWKD","TOT","HR_WKD","A","2006",1879,
"IRL","HRWKD","TOT","HR_WKD","A","2007",1865,
"IRL","HRWKD","TOT","HR_WKD","A","2008",1844,
"IRL","HRWKD","TOT","HR_WKD","A","2009",1812,
"IRL","HRWKD","TOT","HR_WKD","A","2010",1721,
"IRL","HRWKD","TOT","HR_WKD","A","2011",1737,
"IRL","HRWKD","TOT","HR_WKD","A","2012",1738,
"IRL","HRWKD","TOT","HR_WKD","A","2013",1743,
"IRL","HRWKD","TOT","HR_WKD","A","2014",1757,
"IRL","HRWKD","TOT","HR_WKD","A","2015",1771,
"IRL","HRWKD","TOT","HR_WKD","A","2016",1763,
"IRL","HRWKD","TOT","HR_WKD","A","2017",1775,
"IRL","HRWKD","TOT","HR_WKD","A","2018",1785,
"IRL","HRWKD","TOT","HR_WKD","A","2019",1772,
"ITA","HRWKD","TOT","HR_WKD","A","1995",1856.2,
"ITA","HRWKD","TOT","HR_WKD","A","1996",1866.2,
"ITA","HRWKD","TOT","HR_WKD","A","1997",1859.9,
"ITA","HRWKD","TOT","HR_WKD","A","1998",1873.09999999999,
"ITA","HRWKD","TOT","HR_WKD","A","1999",1869.9,
"ITA","HRWKD","TOT","HR_WKD","A","2000",1850.2,
"ITA","HRWKD","TOT","HR_WKD","A","2001",1837.59999999999,
"ITA","HRWKD","TOT","HR_WKD","A","2002",1826.2,
"ITA","HRWKD","TOT","HR_WKD","A","2003",1815.09999999999,
"ITA","HRWKD","TOT","HR_WKD","A","2004",1814.59999999999,
"ITA","HRWKD","TOT","HR_WKD","A","2005",1811.09999999999,
"ITA","HRWKD","TOT","HR_WKD","A","2006",1811.9,
"ITA","HRWKD","TOT","HR_WKD","A","2007",1817.7,
"ITA","HRWKD","TOT","HR_WKD","A","2008",1806.5,
"ITA","HRWKD","TOT","HR_WKD","A","2009",1775.2,
"ITA","HRWKD","TOT","HR_WKD","A","2010",1776.8,
"ITA","HRWKD","TOT","HR_WKD","A","2011",1772.59999999999,
"ITA","HRWKD","TOT","HR_WKD","A","2012",1733.59999999999,
"ITA","HRWKD","TOT","HR_WKD","A","2013",1719.09999999999,
"ITA","HRWKD","TOT","HR_WKD","A","2014",1716.3,
"ITA","HRWKD","TOT","HR_WKD","A","2015",1717.5,
"ITA","HRWKD","TOT","HR_WKD","A","2016",1721.7,
"ITA","HRWKD","TOT","HR_WKD","A","2017",1719.2,
"ITA","HRWKD","TOT","HR_WKD","A","2018",1722.3,
"ITA","HRWKD","TOT","HR_WKD","A","2019",1717.8,
"JPN","HRWKD","TOT","HR_WKD","A","1970",2243,
"JPN","HRWKD","TOT","HR_WKD","A","1971",2239,
"JPN","HRWKD","TOT","HR_WKD","A","1972",2228,
"JPN","HRWKD","TOT","HR_WKD","A","1973",2201,
"JPN","HRWKD","TOT","HR_WKD","A","1974",2137,
"JPN","HRWKD","TOT","HR_WKD","A","1975",2112,
"JPN","HRWKD","TOT","HR_WKD","A","1976",2128,
"JPN","HRWKD","TOT","HR_WKD","A","1977",2129,
"JPN","HRWKD","TOT","HR_WKD","A","1978",2123,
"JPN","HRWKD","TOT","HR_WKD","A","1979",2126,
"JPN","HRWKD","TOT","HR_WKD","A","1980",2121,
"JPN","HRWKD","TOT","HR_WKD","A","1981",2106,
"JPN","HRWKD","TOT","HR_WKD","A","1982",2104,
"JPN","HRWKD","TOT","HR_WKD","A","1983",2095,
"JPN","HRWKD","TOT","HR_WKD","A","1984",2108,
"JPN","HRWKD","TOT","HR_WKD","A","1985",2093,
"JPN","HRWKD","TOT","HR_WKD","A","1986",2097,
"JPN","HRWKD","TOT","HR_WKD","A","1987",2096,
"JPN","HRWKD","TOT","HR_WKD","A","1988",2092,
"JPN","HRWKD","TOT","HR_WKD","A","1989",2070,
"JPN","HRWKD","TOT","HR_WKD","A","1990",2031,
"JPN","HRWKD","TOT","HR_WKD","A","1991",1998,
"JPN","HRWKD","TOT","HR_WKD","A","1992",1965,
"JPN","HRWKD","TOT","HR_WKD","A","1993",1905,
"JPN","HRWKD","TOT","HR_WKD","A","1994",1898,
"JPN","HRWKD","TOT","HR_WKD","A","1995",1884,
"JPN","HRWKD","TOT","HR_WKD","A","1996",1892,
"JPN","HRWKD","TOT","HR_WKD","A","1997",1865,
"JPN","HRWKD","TOT","HR_WKD","A","1998",1842,
"JPN","HRWKD","TOT","HR_WKD","A","1999",1810,
"JPN","HRWKD","TOT","HR_WKD","A","2000",1821,
"JPN","HRWKD","TOT","HR_WKD","A","2001",1809,
"JPN","HRWKD","TOT","HR_WKD","A","2002",1798,
"JPN","HRWKD","TOT","HR_WKD","A","2003",1799,
"JPN","HRWKD","TOT","HR_WKD","A","2004",1787,
"JPN","HRWKD","TOT","HR_WKD","A","2005",1775,
"JPN","HRWKD","TOT","HR_WKD","A","2006",1784,
"JPN","HRWKD","TOT","HR_WKD","A","2007",1785,
"JPN","HRWKD","TOT","HR_WKD","A","2008",1771,
"JPN","HRWKD","TOT","HR_WKD","A","2009",1714,
"JPN","HRWKD","TOT","HR_WKD","A","2010",1733,
"JPN","HRWKD","TOT","HR_WKD","A","2011",1728,
"JPN","HRWKD","TOT","HR_WKD","A","2012",1745,
"JPN","HRWKD","TOT","HR_WKD","A","2013",1734,
"JPN","HRWKD","TOT","HR_WKD","A","2014",1729,
"JPN","HRWKD","TOT","HR_WKD","A","2015",1719,
"JPN","HRWKD","TOT","HR_WKD","A","2016",1714,
"JPN","HRWKD","TOT","HR_WKD","A","2017",1709,
"JPN","HRWKD","TOT","HR_WKD","A","2018",1680,
"JPN","HRWKD","TOT","HR_WKD","A","2019",1644,
"KOR","HRWKD","TOT","HR_WKD","A","2008",2228,
"KOR","HRWKD","TOT","HR_WKD","A","2009",2174,
"KOR","HRWKD","TOT","HR_WKD","A","2010",2163,
"KOR","HRWKD","TOT","HR_WKD","A","2011",2136,
"KOR","HRWKD","TOT","HR_WKD","A","2012",2119,
"KOR","HRWKD","TOT","HR_WKD","A","2013",2106,
"KOR","HRWKD","TOT","HR_WKD","A","2014",2076,
"KOR","HRWKD","TOT","HR_WKD","A","2015",2083,
"KOR","HRWKD","TOT","HR_WKD","A","2016",2068,
"KOR","HRWKD","TOT","HR_WKD","A","2017",2018,
"KOR","HRWKD","TOT","HR_WKD","A","2018",1993,
"KOR","HRWKD","TOT","HR_WKD","A","2019",1967,
"LUX","HRWKD","TOT","HR_WKD","A","1995",1593,
"LUX","HRWKD","TOT","HR_WKD","A","1996",1600,
"LUX","HRWKD","TOT","HR_WKD","A","1997",1598,
"LUX","HRWKD","TOT","HR_WKD","A","1998",1593,
"LUX","HRWKD","TOT","HR_WKD","A","1999",1592,
"LUX","HRWKD","TOT","HR_WKD","A","2000",1602,
"LUX","HRWKD","TOT","HR_WKD","A","2001",1586,
"LUX","HRWKD","TOT","HR_WKD","A","2002",1581,
"LUX","HRWKD","TOT","HR_WKD","A","2003",1579,
"LUX","HRWKD","TOT","HR_WKD","A","2004",1578,
"LUX","HRWKD","TOT","HR_WKD","A","2005",1550,
"LUX","HRWKD","TOT","HR_WKD","A","2006",1552,
"LUX","HRWKD","TOT","HR_WKD","A","2007",1566,
"LUX","HRWKD","TOT","HR_WKD","A","2008",1567,
"LUX","HRWKD","TOT","HR_WKD","A","2009",1517,
"LUX","HRWKD","TOT","HR_WKD","A","2010",1517,
"LUX","HRWKD","TOT","HR_WKD","A","2011",1515,
"LUX","HRWKD","TOT","HR_WKD","A","2012",1508,
"LUX","HRWKD","TOT","HR_WKD","A","2013",1503,
"LUX","HRWKD","TOT","HR_WKD","A","2014",1506,
"LUX","HRWKD","TOT","HR_WKD","A","2015",1514,
"LUX","HRWKD","TOT","HR_WKD","A","2016",1513,
"LUX","HRWKD","TOT","HR_WKD","A","2017",1507,
"LUX","HRWKD","TOT","HR_WKD","A","2018",1506,
"LUX","HRWKD","TOT","HR_WKD","A","2019",1506,
"MEX","HRWKD","TOT","HR_WKD","A","1991",2113,
"MEX","HRWKD","TOT","HR_WKD","A","1992",2104,
"MEX","HRWKD","TOT","HR_WKD","A","1993",2112,
"MEX","HRWKD","TOT","HR_WKD","A","1994",2146,
"MEX","HRWKD","TOT","HR_WKD","A","1995",2161,
"MEX","HRWKD","TOT","HR_WKD","A","1996",2192,
"MEX","HRWKD","TOT","HR_WKD","A","1997",2241,
"MEX","HRWKD","TOT","HR_WKD","A","1998",2168,
"MEX","HRWKD","TOT","HR_WKD","A","1999",2242,
"MEX","HRWKD","TOT","HR_WKD","A","2000",2174,
"MEX","HRWKD","TOT","HR_WKD","A","2001",2146,
"MEX","HRWKD","TOT","HR_WKD","A","2002",2196,
"MEX","HRWKD","TOT","HR_WKD","A","2003",2143,
"MEX","HRWKD","TOT","HR_WKD","A","2004",2123,
"MEX","HRWKD","TOT","HR_WKD","A","2005",2105,
"MEX","HRWKD","TOT","HR_WKD","A","2006",2067,
"MEX","HRWKD","TOT","HR_WKD","A","2007",2045,
"MEX","HRWKD","TOT","HR_WKD","A","2008",2105,
"MEX","HRWKD","TOT","HR_WKD","A","2009",1973,
"MEX","HRWKD","TOT","HR_WKD","A","2010",2150,
"MEX","HRWKD","TOT","HR_WKD","A","2011",2121,
"MEX","HRWKD","TOT","HR_WKD","A","2012",2120,
"MEX","HRWKD","TOT","HR_WKD","A","2013",2136,
"MEX","HRWKD","TOT","HR_WKD","A","2014",2134,
"MEX","HRWKD","TOT","HR_WKD","A","2015",2140,
"MEX","HRWKD","TOT","HR_WKD","A","2016",2146,
"MEX","HRWKD","TOT","HR_WKD","A","2017",2148,
"MEX","HRWKD","TOT","HR_WKD","A","2018",2149,
"MEX","HRWKD","TOT","HR_WKD","A","2019",2137,
"NLD","HRWKD","TOT","HR_WKD","A","1970",1809,
"NLD","HRWKD","TOT","HR_WKD","A","1971",1777,
"NLD","HRWKD","TOT","HR_WKD","A","1972",1775,
"NLD","HRWKD","TOT","HR_WKD","A","1973",1749,
"NLD","HRWKD","TOT","HR_WKD","A","1974",1696,
"NLD","HRWKD","TOT","HR_WKD","A","1975",1644,
"NLD","HRWKD","TOT","HR_WKD","A","1976",1628,
"NLD","HRWKD","TOT","HR_WKD","A","1977",1608,
"NLD","HRWKD","TOT","HR_WKD","A","1978",1580,
"NLD","HRWKD","TOT","HR_WKD","A","1979",1559,
"NLD","HRWKD","TOT","HR_WKD","A","1980",1556,
"NLD","HRWKD","TOT","HR_WKD","A","1981",1556,
"NLD","HRWKD","TOT","HR_WKD","A","1982",1542,
"NLD","HRWKD","TOT","HR_WKD","A","1983",1527,
"NLD","HRWKD","TOT","HR_WKD","A","1984",1519,
"NLD","HRWKD","TOT","HR_WKD","A","1985",1502,
"NLD","HRWKD","TOT","HR_WKD","A","1986",1488,
"NLD","HRWKD","TOT","HR_WKD","A","1987",1467,
"NLD","HRWKD","TOT","HR_WKD","A","1988",1464,
"NLD","HRWKD","TOT","HR_WKD","A","1989",1459,
"NLD","HRWKD","TOT","HR_WKD","A","1990",1454,
"NLD","HRWKD","TOT","HR_WKD","A","1991",1444,
"NLD","HRWKD","TOT","HR_WKD","A","1992",1451,
"NLD","HRWKD","TOT","HR_WKD","A","1993",1440,
"NLD","HRWKD","TOT","HR_WKD","A","1994",1447,
"NLD","HRWKD","TOT","HR_WKD","A","1995",1482,
"NLD","HRWKD","TOT","HR_WKD","A","1996",1496,
"NLD","HRWKD","TOT","HR_WKD","A","1997",1482,
"NLD","HRWKD","TOT","HR_WKD","A","1998",1479,
"NLD","HRWKD","TOT","HR_WKD","A","1999",1477,
"NLD","HRWKD","TOT","HR_WKD","A","2000",1464,
"NLD","HRWKD","TOT","HR_WKD","A","2001",1454,
"NLD","HRWKD","TOT","HR_WKD","A","2002",1436,
"NLD","HRWKD","TOT","HR_WKD","A","2003",1428,
"NLD","HRWKD","TOT","HR_WKD","A","2004",1448,
"NLD","HRWKD","TOT","HR_WKD","A","2005",1434,
"NLD","HRWKD","TOT","HR_WKD","A","2006",1430,
"NLD","HRWKD","TOT","HR_WKD","A","2007",1429,
"NLD","HRWKD","TOT","HR_WKD","A","2008",1429,
"NLD","HRWKD","TOT","HR_WKD","A","2009",1420,
"NLD","HRWKD","TOT","HR_WKD","A","2010",1420,
"NLD","HRWKD","TOT","HR_WKD","A","2011",1420,
"NLD","HRWKD","TOT","HR_WKD","A","2012",1411,
"NLD","HRWKD","TOT","HR_WKD","A","2013",1415,
"NLD","HRWKD","TOT","HR_WKD","A","2014",1426,
"NLD","HRWKD","TOT","HR_WKD","A","2015",1426,
"NLD","HRWKD","TOT","HR_WKD","A","2016",1437,
"NLD","HRWKD","TOT","HR_WKD","A","2017",1435,
"NLD","HRWKD","TOT","HR_WKD","A","2018",1431,
"NLD","HRWKD","TOT","HR_WKD","A","2019",1434,
"NZL","HRWKD","TOT","HR_WKD","A","1986",1834,
"NZL","HRWKD","TOT","HR_WKD","A","1987",1838,
"NZL","HRWKD","TOT","HR_WKD","A","1988",1829,
"NZL","HRWKD","TOT","HR_WKD","A","1989",1820,
"NZL","HRWKD","TOT","HR_WKD","A","1990",1809,
"NZL","HRWKD","TOT","HR_WKD","A","1991",1792,
"NZL","HRWKD","TOT","HR_WKD","A","1992",1799,
"NZL","HRWKD","TOT","HR_WKD","A","1993",1853,
"NZL","HRWKD","TOT","HR_WKD","A","1994",1848,
"NZL","HRWKD","TOT","HR_WKD","A","1995",1841,
"NZL","HRWKD","TOT","HR_WKD","A","1996",1834,
"NZL","HRWKD","TOT","HR_WKD","A","1997",1826,
"NZL","HRWKD","TOT","HR_WKD","A","1998",1829,
"NZL","HRWKD","TOT","HR_WKD","A","1999",1845,
"NZL","HRWKD","TOT","HR_WKD","A","2000",1836,
"NZL","HRWKD","TOT","HR_WKD","A","2001",1825,
"NZL","HRWKD","TOT","HR_WKD","A","2002",1826,
"NZL","HRWKD","TOT","HR_WKD","A","2003",1823,
"NZL","HRWKD","TOT","HR_WKD","A","2004",1830,
"NZL","HRWKD","TOT","HR_WKD","A","2005",1815,
"NZL","HRWKD","TOT","HR_WKD","A","2006",1795,
"NZL","HRWKD","TOT","HR_WKD","A","2007",1774,
"NZL","HRWKD","TOT","HR_WKD","A","2008",1761,
"NZL","HRWKD","TOT","HR_WKD","A","2009",1740,
"NZL","HRWKD","TOT","HR_WKD","A","2010",1755,
"NZL","HRWKD","TOT","HR_WKD","A","2011",1746,
"NZL","HRWKD","TOT","HR_WKD","A","2012",1734,
"NZL","HRWKD","TOT","HR_WKD","A","2013",1756,
"NZL","HRWKD","TOT","HR_WKD","A","2014",1757,
"NZL","HRWKD","TOT","HR_WKD","A","2015",1751,
"NZL","HRWKD","TOT","HR_WKD","A","2016",1751,
"NZL","HRWKD","TOT","HR_WKD","A","2017",1752,
"NZL","HRWKD","TOT","HR_WKD","A","2018",1754,
"NZL","HRWKD","TOT","HR_WKD","A","2019",1779,
"NOR","HRWKD","TOT","HR_WKD","A","1962",1995,
"NOR","HRWKD","TOT","HR_WKD","A","1963",1986,
"NOR","HRWKD","TOT","HR_WKD","A","1964",1996,
"NOR","HRWKD","TOT","HR_WKD","A","1965",1951,
"NOR","HRWKD","TOT","HR_WKD","A","1966",1952,
"NOR","HRWKD","TOT","HR_WKD","A","1967",1936,
"NOR","HRWKD","TOT","HR_WKD","A","1968",1897,
"NOR","HRWKD","TOT","HR_WKD","A","1969",1849,
"NOR","HRWKD","TOT","HR_WKD","A","1970",1835,
"NOR","HRWKD","TOT","HR_WKD","A","1971",1814,
"NOR","HRWKD","TOT","HR_WKD","A","1972",1781,
"NOR","HRWKD","TOT","HR_WKD","A","1973",1767,
"NOR","HRWKD","TOT","HR_WKD","A","1974",1745,
"NOR","HRWKD","TOT","HR_WKD","A","1975",1728,
"NOR","HRWKD","TOT","HR_WKD","A","1976",1674,
"NOR","HRWKD","TOT","HR_WKD","A","1977",1638,
"NOR","HRWKD","TOT","HR_WKD","A","1978",1602,
"NOR","HRWKD","TOT","HR_WKD","A","1979",1580,
"NOR","HRWKD","TOT","HR_WKD","A","1980",1580,
"NOR","HRWKD","TOT","HR_WKD","A","1981",1570,
"NOR","HRWKD","TOT","HR_WKD","A","1982",1559,
"NOR","HRWKD","TOT","HR_WKD","A","1983",1553,
"NOR","HRWKD","TOT","HR_WKD","A","1984",1548,
"NOR","HRWKD","TOT","HR_WKD","A","1985",1542,
"NOR","HRWKD","TOT","HR_WKD","A","1986",1538,
"NOR","HRWKD","TOT","HR_WKD","A","1987",1511,
"NOR","HRWKD","TOT","HR_WKD","A","1988",1513,
"NOR","HRWKD","TOT","HR_WKD","A","1989",1511,
"NOR","HRWKD","TOT","HR_WKD","A","1990",1502,
"NOR","HRWKD","TOT","HR_WKD","A","1991",1500,
"NOR","HRWKD","TOT","HR_WKD","A","1992",1510,
"NOR","HRWKD","TOT","HR_WKD","A","1993",1507,
"NOR","HRWKD","TOT","HR_WKD","A","1994",1505,
"NOR","HRWKD","TOT","HR_WKD","A","1995",1488,
"NOR","HRWKD","TOT","HR_WKD","A","1996",1482,
"NOR","HRWKD","TOT","HR_WKD","A","1997",1478,
"NOR","HRWKD","TOT","HR_WKD","A","1998",1476,
"NOR","HRWKD","TOT","HR_WKD","A","1999",1475,
"NOR","HRWKD","TOT","HR_WKD","A","2000",1456,
"NOR","HRWKD","TOT","HR_WKD","A","2001",1424,
"NOR","HRWKD","TOT","HR_WKD","A","2002",1407,
"NOR","HRWKD","TOT","HR_WKD","A","2003",1389,
"NOR","HRWKD","TOT","HR_WKD","A","2004",1405,
"NOR","HRWKD","TOT","HR_WKD","A","2005",1406,
"NOR","HRWKD","TOT","HR_WKD","A","2006",1400,
"NOR","HRWKD","TOT","HR_WKD","A","2007",1405,
"NOR","HRWKD","TOT","HR_WKD","A","2008",1407,
"NOR","HRWKD","TOT","HR_WKD","A","2009",1387,
"NOR","HRWKD","TOT","HR_WKD","A","2010",1395,
"NOR","HRWKD","TOT","HR_WKD","A","2011",1400,
"NOR","HRWKD","TOT","HR_WKD","A","2012",1396,
"NOR","HRWKD","TOT","HR_WKD","A","2013",1387,
"NOR","HRWKD","TOT","HR_WKD","A","2014",1389,
"NOR","HRWKD","TOT","HR_WKD","A","2015",1392,
"NOR","HRWKD","TOT","HR_WKD","A","2016",1394,
"NOR","HRWKD","TOT","HR_WKD","A","2017",1381,
"NOR","HRWKD","TOT","HR_WKD","A","2018",1383,
"NOR","HRWKD","TOT","HR_WKD","A","2019",1384,
"POL","HRWKD","TOT","HR_WKD","A","1995",1859,
"POL","HRWKD","TOT","HR_WKD","A","1996",1859,
"POL","HRWKD","TOT","HR_WKD","A","1997",1858,
"POL","HRWKD","TOT","HR_WKD","A","1998",1858,
"POL","HRWKD","TOT","HR_WKD","A","1999",1875,
"POL","HRWKD","TOT","HR_WKD","A","2000",1858,
"POL","HRWKD","TOT","HR_WKD","A","2001",1860,
"POL","HRWKD","TOT","HR_WKD","A","2002",1855,
"POL","HRWKD","TOT","HR_WKD","A","2003",1861,
"POL","HRWKD","TOT","HR_WKD","A","2004",1861,
"POL","HRWKD","TOT","HR_WKD","A","2005",1856,
"POL","HRWKD","TOT","HR_WKD","A","2006",1857,
"POL","HRWKD","TOT","HR_WKD","A","2007",1855,
"POL","HRWKD","TOT","HR_WKD","A","2008",1848,
"POL","HRWKD","TOT","HR_WKD","A","2009",1834,
"POL","HRWKD","TOT","HR_WKD","A","2010",1829,
"POL","HRWKD","TOT","HR_WKD","A","2011",1824,
"POL","HRWKD","TOT","HR_WKD","A","2012",1820,
"POL","HRWKD","TOT","HR_WKD","A","2013",1816,
"POL","HRWKD","TOT","HR_WKD","A","2014",1822,
"POL","HRWKD","TOT","HR_WKD","A","2015",1829,
"POL","HRWKD","TOT","HR_WKD","A","2016",1831,
"POL","HRWKD","TOT","HR_WKD","A","2017",1812,
"POL","HRWKD","TOT","HR_WKD","A","2018",1787,
"POL","HRWKD","TOT","HR_WKD","A","2019",1806,
"PRT","HRWKD","TOT","HR_WKD","A","1970",1963,
"PRT","HRWKD","TOT","HR_WKD","A","1971",1951,
"PRT","HRWKD","TOT","HR_WKD","A","1972",1939,
"PRT","HRWKD","TOT","HR_WKD","A","1973",1927,
"PRT","HRWKD","TOT","HR_WKD","A","1974",1915,
"PRT","HRWKD","TOT","HR_WKD","A","1975",1904,
"PRT","HRWKD","TOT","HR_WKD","A","1976",1892,
"PRT","HRWKD","TOT","HR_WKD","A","1977",1881,
"PRT","HRWKD","TOT","HR_WKD","A","1978",1870,
"PRT","HRWKD","TOT","HR_WKD","A","1979",1859,
"PRT","HRWKD","TOT","HR_WKD","A","1980",1849,
"PRT","HRWKD","TOT","HR_WKD","A","1981",1838,
"PRT","HRWKD","TOT","HR_WKD","A","1982",1827,
"PRT","HRWKD","TOT","HR_WKD","A","1983",1817,
"PRT","HRWKD","TOT","HR_WKD","A","1984",1806,
"PRT","HRWKD","TOT","HR_WKD","A","1985",1796,
"PRT","HRWKD","TOT","HR_WKD","A","1986",1785,
"PRT","HRWKD","TOT","HR_WKD","A","1987",1799,
"PRT","HRWKD","TOT","HR_WKD","A","1988",1798,
"PRT","HRWKD","TOT","HR_WKD","A","1989",1818,
"PRT","HRWKD","TOT","HR_WKD","A","1990",1806,
"PRT","HRWKD","TOT","HR_WKD","A","1991",1739,
"PRT","HRWKD","TOT","HR_WKD","A","1992",1682,
"PRT","HRWKD","TOT","HR_WKD","A","1993",1684,
"PRT","HRWKD","TOT","HR_WKD","A","1994",1692,
"PRT","HRWKD","TOT","HR_WKD","A","1995",1749,
"PRT","HRWKD","TOT","HR_WKD","A","1996",1750,
"PRT","HRWKD","TOT","HR_WKD","A","1997",1746,
"PRT","HRWKD","TOT","HR_WKD","A","1998",1760,
"PRT","HRWKD","TOT","HR_WKD","A","1999",1762,
"PRT","HRWKD","TOT","HR_WKD","A","2000",1770,
"PRT","HRWKD","TOT","HR_WKD","A","2001",1755,
"PRT","HRWKD","TOT","HR_WKD","A","2002",1749,
"PRT","HRWKD","TOT","HR_WKD","A","2003",1742,
"PRT","HRWKD","TOT","HR_WKD","A","2004",1748,
"PRT","HRWKD","TOT","HR_WKD","A","2005",1750,
"PRT","HRWKD","TOT","HR_WKD","A","2006",1739,
"PRT","HRWKD","TOT","HR_WKD","A","2007",1755,
"PRT","HRWKD","TOT","HR_WKD","A","2008",1743,
"PRT","HRWKD","TOT","HR_WKD","A","2009",1743,
"PRT","HRWKD","TOT","HR_WKD","A","2010",1746,
"PRT","HRWKD","TOT","HR_WKD","A","2011",1724,
"PRT","HRWKD","TOT","HR_WKD","A","2012",1708,
"PRT","HRWKD","TOT","HR_WKD","A","2013",1718,
"PRT","HRWKD","TOT","HR_WKD","A","2014",1725,
"PRT","HRWKD","TOT","HR_WKD","A","2015",1732,
"PRT","HRWKD","TOT","HR_WKD","A","2016",1737,
"PRT","HRWKD","TOT","HR_WKD","A","2017",1727,
"PRT","HRWKD","TOT","HR_WKD","A","2018",1722,
"PRT","HRWKD","TOT","HR_WKD","A","2019",1719,
"SVK","HRWKD","TOT","HR_WKD","A","1995",1853,
"SVK","HRWKD","TOT","HR_WKD","A","1996",1820,
"SVK","HRWKD","TOT","HR_WKD","A","1997",1830,
"SVK","HRWKD","TOT","HR_WKD","A","1998",1822,
"SVK","HRWKD","TOT","HR_WKD","A","1999",1816,
"SVK","HRWKD","TOT","HR_WKD","A","2000",1816,
"SVK","HRWKD","TOT","HR_WKD","A","2001",1801,
"SVK","HRWKD","TOT","HR_WKD","A","2002",1754,
"SVK","HRWKD","TOT","HR_WKD","A","2003",1698,
"SVK","HRWKD","TOT","HR_WKD","A","2004",1742,
"SVK","HRWKD","TOT","HR_WKD","A","2005",1769,
"SVK","HRWKD","TOT","HR_WKD","A","2006",1774,
"SVK","HRWKD","TOT","HR_WKD","A","2007",1791,
"SVK","HRWKD","TOT","HR_WKD","A","2008",1793,
"SVK","HRWKD","TOT","HR_WKD","A","2009",1780,
"SVK","HRWKD","TOT","HR_WKD","A","2010",1805,
"SVK","HRWKD","TOT","HR_WKD","A","2011",1793,
"SVK","HRWKD","TOT","HR_WKD","A","2012",1789,
"SVK","HRWKD","TOT","HR_WKD","A","2013",1772,
"SVK","HRWKD","TOT","HR_WKD","A","2014",1760,
"SVK","HRWKD","TOT","HR_WKD","A","2015",1754,
"SVK","HRWKD","TOT","HR_WKD","A","2016",1740,
"SVK","HRWKD","TOT","HR_WKD","A","2017",1714,
"SVK","HRWKD","TOT","HR_WKD","A","2018",1704,
"SVK","HRWKD","TOT","HR_WKD","A","2019",1695,
"ESP","HRWKD","TOT","HR_WKD","A","1977",2036.3,
"ESP","HRWKD","TOT","HR_WKD","A","1978",2004.9,
"ESP","HRWKD","TOT","HR_WKD","A","1979",1954.3,
"ESP","HRWKD","TOT","HR_WKD","A","1980",1936,
"ESP","HRWKD","TOT","HR_WKD","A","1981",1901.59999999999,
"ESP","HRWKD","TOT","HR_WKD","A","1982",1880.3,
"ESP","HRWKD","TOT","HR_WKD","A","1983",1847.9,
"ESP","HRWKD","TOT","HR_WKD","A","1984",1803.4,
"ESP","HRWKD","TOT","HR_WKD","A","1985",1793.3,
"ESP","HRWKD","TOT","HR_WKD","A","1986",1785.2,
"ESP","HRWKD","TOT","HR_WKD","A","1987",1777.09999999999,
"ESP","HRWKD","TOT","HR_WKD","A","1988",1773,
"ESP","HRWKD","TOT","HR_WKD","A","1989",1760.9,
"ESP","HRWKD","TOT","HR_WKD","A","1990",1762.9,
"ESP","HRWKD","TOT","HR_WKD","A","1991",1772,
"ESP","HRWKD","TOT","HR_WKD","A","1992",1763.9,
"ESP","HRWKD","TOT","HR_WKD","A","1993",1755.8,
"ESP","HRWKD","TOT","HR_WKD","A","1994",1754.8,
"ESP","HRWKD","TOT","HR_WKD","A","1995",1754.8,
"ESP","HRWKD","TOT","HR_WKD","A","1996",1749.7,
"ESP","HRWKD","TOT","HR_WKD","A","1997",1749.7,
"ESP","HRWKD","TOT","HR_WKD","A","1998",1753.8,
"ESP","HRWKD","TOT","HR_WKD","A","1999",1753.8,
"ESP","HRWKD","TOT","HR_WKD","A","2000",1752.8,
"ESP","HRWKD","TOT","HR_WKD","A","2001",1762.09999999999,
"ESP","HRWKD","TOT","HR_WKD","A","2002",1763.59999999999,
"ESP","HRWKD","TOT","HR_WKD","A","2003",1754.59999999999,
"ESP","HRWKD","TOT","HR_WKD","A","2004",1739.9,
"ESP","HRWKD","TOT","HR_WKD","A","2005",1723.7,
"ESP","HRWKD","TOT","HR_WKD","A","2006",1713.7,
"ESP","HRWKD","TOT","HR_WKD","A","2007",1701.3,
"ESP","HRWKD","TOT","HR_WKD","A","2008",1710.09999999999,
"ESP","HRWKD","TOT","HR_WKD","A","2009",1715.8,
"ESP","HRWKD","TOT","HR_WKD","A","2010",1705.8,
"ESP","HRWKD","TOT","HR_WKD","A","2011",1710.7,
"ESP","HRWKD","TOT","HR_WKD","A","2012",1696.7,
"ESP","HRWKD","TOT","HR_WKD","A","2013",1689.8,
"ESP","HRWKD","TOT","HR_WKD","A","2014",1690.59999999999,
"ESP","HRWKD","TOT","HR_WKD","A","2015",1694.2,
"ESP","HRWKD","TOT","HR_WKD","A","2016",1701.5,
"ESP","HRWKD","TOT","HR_WKD","A","2017",1689.5,
"ESP","HRWKD","TOT","HR_WKD","A","2018",1695.5,
"ESP","HRWKD","TOT","HR_WKD","A","2019",1686,
"SWE","HRWKD","TOT","HR_WKD","A","1950",1842,
"SWE","HRWKD","TOT","HR_WKD","A","1951",1833,
"SWE","HRWKD","TOT","HR_WKD","A","1952",1833,
"SWE","HRWKD","TOT","HR_WKD","A","1953",1815,
"SWE","HRWKD","TOT","HR_WKD","A","1954",1825,
"SWE","HRWKD","TOT","HR_WKD","A","1955",1815,
"SWE","HRWKD","TOT","HR_WKD","A","1956",1792,
"SWE","HRWKD","TOT","HR_WKD","A","1957",1792,
"SWE","HRWKD","TOT","HR_WKD","A","1958",1763,
"SWE","HRWKD","TOT","HR_WKD","A","1959",1739,
"SWE","HRWKD","TOT","HR_WKD","A","1960",1735,
"SWE","HRWKD","TOT","HR_WKD","A","1961",1737,
"SWE","HRWKD","TOT","HR_WKD","A","1962",1726,
"SWE","HRWKD","TOT","HR_WKD","A","1963",1720,
"SWE","HRWKD","TOT","HR_WKD","A","1964",1692,
"SWE","HRWKD","TOT","HR_WKD","A","1965",1682,
"SWE","HRWKD","TOT","HR_WKD","A","1966",1669,
"SWE","HRWKD","TOT","HR_WKD","A","1967",1641,
"SWE","HRWKD","TOT","HR_WKD","A","1968",1601,
"SWE","HRWKD","TOT","HR_WKD","A","1969",1580,
"SWE","HRWKD","TOT","HR_WKD","A","1970",1565,
"SWE","HRWKD","TOT","HR_WKD","A","1971",1536,
"SWE","HRWKD","TOT","HR_WKD","A","1972",1500,
"SWE","HRWKD","TOT","HR_WKD","A","1973",1485,
"SWE","HRWKD","TOT","HR_WKD","A","1974",1468,
"SWE","HRWKD","TOT","HR_WKD","A","1975",1446,
"SWE","HRWKD","TOT","HR_WKD","A","1976",1454,
"SWE","HRWKD","TOT","HR_WKD","A","1977",1430,
"SWE","HRWKD","TOT","HR_WKD","A","1978",1394,
"SWE","HRWKD","TOT","HR_WKD","A","1979",1384,
"SWE","HRWKD","TOT","HR_WKD","A","1980",1383,
"SWE","HRWKD","TOT","HR_WKD","A","1981",1375,
"SWE","HRWKD","TOT","HR_WKD","A","1982",1388,
"SWE","HRWKD","TOT","HR_WKD","A","1983",1396,
"SWE","HRWKD","TOT","HR_WKD","A","1984",1398,
"SWE","HRWKD","TOT","HR_WKD","A","1985",1402,
"SWE","HRWKD","TOT","HR_WKD","A","1986",1400,
"SWE","HRWKD","TOT","HR_WKD","A","1987",1409,
"SWE","HRWKD","TOT","HR_WKD","A","1988",1427,
"SWE","HRWKD","TOT","HR_WKD","A","1989",1426,
"SWE","HRWKD","TOT","HR_WKD","A","1990",1423,
"SWE","HRWKD","TOT","HR_WKD","A","1991",1411,
"SWE","HRWKD","TOT","HR_WKD","A","1992",1427,
"SWE","HRWKD","TOT","HR_WKD","A","1993",1442,
"SWE","HRWKD","TOT","HR_WKD","A","1994",1477,
"SWE","HRWKD","TOT","HR_WKD","A","1995",1482,
"SWE","HRWKD","TOT","HR_WKD","A","1996",1494,
"SWE","HRWKD","TOT","HR_WKD","A","1997",1498,
"SWE","HRWKD","TOT","HR_WKD","A","1998",1497,
"SWE","HRWKD","TOT","HR_WKD","A","1999",1506,
"SWE","HRWKD","TOT","HR_WKD","A","2000",1486,
"SWE","HRWKD","TOT","HR_WKD","A","2001",1465,
"SWE","HRWKD","TOT","HR_WKD","A","2002",1445,
"SWE","HRWKD","TOT","HR_WKD","A","2003",1432,
"SWE","HRWKD","TOT","HR_WKD","A","2004",1453,
"SWE","HRWKD","TOT","HR_WKD","A","2005",1452,
"SWE","HRWKD","TOT","HR_WKD","A","2006",1451,
"SWE","HRWKD","TOT","HR_WKD","A","2007",1462,
"SWE","HRWKD","TOT","HR_WKD","A","2008",1472,
"SWE","HRWKD","TOT","HR_WKD","A","2009",1459,
"SWE","HRWKD","TOT","HR_WKD","A","2010",1484,
"SWE","HRWKD","TOT","HR_WKD","A","2011",1484,
"SWE","HRWKD","TOT","HR_WKD","A","2012",1472,
"SWE","HRWKD","TOT","HR_WKD","A","2013",1463,
"SWE","HRWKD","TOT","HR_WKD","A","2014",1465,
"SWE","HRWKD","TOT","HR_WKD","A","2015",1466,
"SWE","HRWKD","TOT","HR_WKD","A","2016",1478,
"SWE","HRWKD","TOT","HR_WKD","A","2017",1467,
"SWE","HRWKD","TOT","HR_WKD","A","2018",1466,
"SWE","HRWKD","TOT","HR_WKD","A","2019",1452,
"CHE","HRWKD","TOT","HR_WKD","A","1991",1718.09999999999,
"CHE","HRWKD","TOT","HR_WKD","A","1992",1725.4,
"CHE","HRWKD","TOT","HR_WKD","A","1993",1720.4,
"CHE","HRWKD","TOT","HR_WKD","A","1994",1739.7,
"CHE","HRWKD","TOT","HR_WKD","A","1995",1720.3,
"CHE","HRWKD","TOT","HR_WKD","A","1996",1696.9,
"CHE","HRWKD","TOT","HR_WKD","A","1997",1687.5,
"CHE","HRWKD","TOT","HR_WKD","A","1998",1695.5,
"CHE","HRWKD","TOT","HR_WKD","A","1999",1717.4,
"CHE","HRWKD","TOT","HR_WKD","A","2000",1712.7,
"CHE","HRWKD","TOT","HR_WKD","A","2001",1672.8,
"CHE","HRWKD","TOT","HR_WKD","A","2002",1651.3,
"CHE","HRWKD","TOT","HR_WKD","A","2003",1664.5,
"CHE","HRWKD","TOT","HR_WKD","A","2004",1695,
"CHE","HRWKD","TOT","HR_WKD","A","2005",1690,
"CHE","HRWKD","TOT","HR_WKD","A","2006",1679.2,
"CHE","HRWKD","TOT","HR_WKD","A","2007",1668.9,
"CHE","HRWKD","TOT","HR_WKD","A","2008",1659.5,
"CHE","HRWKD","TOT","HR_WKD","A","2009",1650.8,
"CHE","HRWKD","TOT","HR_WKD","A","2010",1624.3,
"CHE","HRWKD","TOT","HR_WKD","A","2011",1619.3,
"CHE","HRWKD","TOT","HR_WKD","A","2012",1603.2,
"CHE","HRWKD","TOT","HR_WKD","A","2013",1582.9,
"CHE","HRWKD","TOT","HR_WKD","A","2014",1575.3,
"CHE","HRWKD","TOT","HR_WKD","A","2015",1589.5,
"CHE","HRWKD","TOT","HR_WKD","A","2016",1590.2,
"CHE","HRWKD","TOT","HR_WKD","A","2017",1569.5,
"CHE","HRWKD","TOT","HR_WKD","A","2018",1561.2,
"CHE","HRWKD","TOT","HR_WKD","A","2019",1556.9,
"TUR","HRWKD","TOT","HR_WKD","A","1970",2086,
"TUR","HRWKD","TOT","HR_WKD","A","1971",2077,
"TUR","HRWKD","TOT","HR_WKD","A","1972",2069,
"TUR","HRWKD","TOT","HR_WKD","A","1973",2060,
"TUR","HRWKD","TOT","HR_WKD","A","1974",2044,
"TUR","HRWKD","TOT","HR_WKD","A","1975",2028,
"TUR","HRWKD","TOT","HR_WKD","A","1976",2012,
"TUR","HRWKD","TOT","HR_WKD","A","1977",1996,
"TUR","HRWKD","TOT","HR_WKD","A","1978",1980,
"TUR","HRWKD","TOT","HR_WKD","A","1979",1964,
"TUR","HRWKD","TOT","HR_WKD","A","1980",1957,
"TUR","HRWKD","TOT","HR_WKD","A","1981",1950,
"TUR","HRWKD","TOT","HR_WKD","A","1982",1943,
"TUR","HRWKD","TOT","HR_WKD","A","1983",1935,
"TUR","HRWKD","TOT","HR_WKD","A","1984",1871,
"TUR","HRWKD","TOT","HR_WKD","A","1985",1898,
"TUR","HRWKD","TOT","HR_WKD","A","1986",1883,
"TUR","HRWKD","TOT","HR_WKD","A","1987",1844,
"TUR","HRWKD","TOT","HR_WKD","A","1988",1837,
"TUR","HRWKD","TOT","HR_WKD","A","1989",1867,
"TUR","HRWKD","TOT","HR_WKD","A","1990",1866,
"TUR","HRWKD","TOT","HR_WKD","A","1991",1870,
"TUR","HRWKD","TOT","HR_WKD","A","1992",1897,
"TUR","HRWKD","TOT","HR_WKD","A","1993",1917,
"TUR","HRWKD","TOT","HR_WKD","A","1994",1886,
"TUR","HRWKD","TOT","HR_WKD","A","1995",1876,
"TUR","HRWKD","TOT","HR_WKD","A","1996",1892,
"TUR","HRWKD","TOT","HR_WKD","A","1997",1878,
"TUR","HRWKD","TOT","HR_WKD","A","1998",1884,
"TUR","HRWKD","TOT","HR_WKD","A","1999",1925,
"TUR","HRWKD","TOT","HR_WKD","A","2000",1937,
"TUR","HRWKD","TOT","HR_WKD","A","2001",1942,
"TUR","HRWKD","TOT","HR_WKD","A","2002",1943,
"TUR","HRWKD","TOT","HR_WKD","A","2003",1943,
"TUR","HRWKD","TOT","HR_WKD","A","2004",1918,
"TUR","HRWKD","TOT","HR_WKD","A","2005",1936,
"TUR","HRWKD","TOT","HR_WKD","A","2006",1944,
"TUR","HRWKD","TOT","HR_WKD","A","2007",1911,
"TUR","HRWKD","TOT","HR_WKD","A","2008",1900,
"TUR","HRWKD","TOT","HR_WKD","A","2009",1881,
"TUR","HRWKD","TOT","HR_WKD","A","2010",1877,
"TUR","HRWKD","TOT","HR_WKD","A","2011",1864,
"TUR","HRWKD","TOT","HR_WKD","A","2012",1855,
"TUR","HRWKD","TOT","HR_WKD","A","2013",1832,
"GBR","HRWKD","TOT","HR_WKD","A","1970",1775,
"GBR","HRWKD","TOT","HR_WKD","A","1971",1740,
"GBR","HRWKD","TOT","HR_WKD","A","1972",1709,
"GBR","HRWKD","TOT","HR_WKD","A","1973",1761,
"GBR","HRWKD","TOT","HR_WKD","A","1974",1725,
"GBR","HRWKD","TOT","HR_WKD","A","1975",1720,
"GBR","HRWKD","TOT","HR_WKD","A","1976",1705,
"GBR","HRWKD","TOT","HR_WKD","A","1977",1687,
"GBR","HRWKD","TOT","HR_WKD","A","1978",1669,
"GBR","HRWKD","TOT","HR_WKD","A","1979",1662,
"GBR","HRWKD","TOT","HR_WKD","A","1980",1619,
"GBR","HRWKD","TOT","HR_WKD","A","1981",1567,
"GBR","HRWKD","TOT","HR_WKD","A","1982",1581,
"GBR","HRWKD","TOT","HR_WKD","A","1983",1568,
"GBR","HRWKD","TOT","HR_WKD","A","1984",1583,
"GBR","HRWKD","TOT","HR_WKD","A","1985",1613,
"GBR","HRWKD","TOT","HR_WKD","A","1986",1616,
"GBR","HRWKD","TOT","HR_WKD","A","1987",1606,
"GBR","HRWKD","TOT","HR_WKD","A","1988",1642,
"GBR","HRWKD","TOT","HR_WKD","A","1989",1631,
"GBR","HRWKD","TOT","HR_WKD","A","1990",1618,
"GBR","HRWKD","TOT","HR_WKD","A","1991",1615,
"GBR","HRWKD","TOT","HR_WKD","A","1992",1583,
"GBR","HRWKD","TOT","HR_WKD","A","1993",1577,
"GBR","HRWKD","TOT","HR_WKD","A","1994",1586,
"GBR","HRWKD","TOT","HR_WKD","A","1995",1590,
"GBR","HRWKD","TOT","HR_WKD","A","1996",1592,
"GBR","HRWKD","TOT","HR_WKD","A","1997",1571,
"GBR","HRWKD","TOT","HR_WKD","A","1998",1585,
"GBR","HRWKD","TOT","HR_WKD","A","1999",1578,
"GBR","HRWKD","TOT","HR_WKD","A","2000",1566,
"GBR","HRWKD","TOT","HR_WKD","A","2001",1565,
"GBR","HRWKD","TOT","HR_WKD","A","2002",1549,
"GBR","HRWKD","TOT","HR_WKD","A","2003",1538,
"GBR","HRWKD","TOT","HR_WKD","A","2004",1525,
"GBR","HRWKD","TOT","HR_WKD","A","2005",1541,
"GBR","HRWKD","TOT","HR_WKD","A","2006",1536,
"GBR","HRWKD","TOT","HR_WKD","A","2007",1538,
"GBR","HRWKD","TOT","HR_WKD","A","2008",1518,
"GBR","HRWKD","TOT","HR_WKD","A","2009",1513,
"GBR","HRWKD","TOT","HR_WKD","A","2010",1502,
"GBR","HRWKD","TOT","HR_WKD","A","2011",1514,
"GBR","HRWKD","TOT","HR_WKD","A","2012",1528,
"GBR","HRWKD","TOT","HR_WKD","A","2013",1537,
"GBR","HRWKD","TOT","HR_WKD","A","2014",1543,
"GBR","HRWKD","TOT","HR_WKD","A","2015",1527,
"GBR","HRWKD","TOT","HR_WKD","A","2016",1541,
"GBR","HRWKD","TOT","HR_WKD","A","2017",1540,
"GBR","HRWKD","TOT","HR_WKD","A","2018",1535,
"GBR","HRWKD","TOT","HR_WKD","A","2019",1538,
"USA","HRWKD","TOT","HR_WKD","A","1950",1968,
"USA","HRWKD","TOT","HR_WKD","A","1951",1987,
"USA","HRWKD","TOT","HR_WKD","A","1952",1988,
"USA","HRWKD","TOT","HR_WKD","A","1953",1993,
"USA","HRWKD","TOT","HR_WKD","A","1954",1984,
"USA","HRWKD","TOT","HR_WKD","A","1955",2003,
"USA","HRWKD","TOT","HR_WKD","A","1956",2002,
"USA","HRWKD","TOT","HR_WKD","A","1957",1973,
"USA","HRWKD","TOT","HR_WKD","A","1958",1947,
"USA","HRWKD","TOT","HR_WKD","A","1959",1958,
"USA","HRWKD","TOT","HR_WKD","A","1960",1952,
"USA","HRWKD","TOT","HR_WKD","A","1961",1941,
"USA","HRWKD","TOT","HR_WKD","A","1962",1960,
"USA","HRWKD","TOT","HR_WKD","A","1963",1972,
"USA","HRWKD","TOT","HR_WKD","A","1964",1975,
"USA","HRWKD","TOT","HR_WKD","A","1965",1984,
"USA","HRWKD","TOT","HR_WKD","A","1966",1974,
"USA","HRWKD","TOT","HR_WKD","A","1967",1951,
"USA","HRWKD","TOT","HR_WKD","A","1968",1940,
"USA","HRWKD","TOT","HR_WKD","A","1969",1938,
"USA","HRWKD","TOT","HR_WKD","A","1970",1907,
"USA","HRWKD","TOT","HR_WKD","A","1971",1894,
"USA","HRWKD","TOT","HR_WKD","A","1972",1890,
"USA","HRWKD","TOT","HR_WKD","A","1973",1891,
"USA","HRWKD","TOT","HR_WKD","A","1974",1860,
"USA","HRWKD","TOT","HR_WKD","A","1975",1839,
"USA","HRWKD","TOT","HR_WKD","A","1976",1841,
"USA","HRWKD","TOT","HR_WKD","A","1977",1844,
"USA","HRWKD","TOT","HR_WKD","A","1978",1836,
"USA","HRWKD","TOT","HR_WKD","A","1979",1834,
"USA","HRWKD","TOT","HR_WKD","A","1980",1816,
"USA","HRWKD","TOT","HR_WKD","A","1981",1812,
"USA","HRWKD","TOT","HR_WKD","A","1982",1803,
"USA","HRWKD","TOT","HR_WKD","A","1983",1822,
"USA","HRWKD","TOT","HR_WKD","A","1984",1839,
"USA","HRWKD","TOT","HR_WKD","A","1985",1838,
"USA","HRWKD","TOT","HR_WKD","A","1986",1829,
"USA","HRWKD","TOT","HR_WKD","A","1987",1839,
"USA","HRWKD","TOT","HR_WKD","A","1988",1837,
"USA","HRWKD","TOT","HR_WKD","A","1989",1848,
"USA","HRWKD","TOT","HR_WKD","A","1990",1827,
"USA","HRWKD","TOT","HR_WKD","A","1991",1823,
"USA","HRWKD","TOT","HR_WKD","A","1992",1827,
"USA","HRWKD","TOT","HR_WKD","A","1993",1840,
"USA","HRWKD","TOT","HR_WKD","A","1994",1839,
"USA","HRWKD","TOT","HR_WKD","A","1995",1839,
"USA","HRWKD","TOT","HR_WKD","A","1996",1840,
"USA","HRWKD","TOT","HR_WKD","A","1997",1843,
"USA","HRWKD","TOT","HR_WKD","A","1998",1842,
"USA","HRWKD","TOT","HR_WKD","A","1999",1839,
"USA","HRWKD","TOT","HR_WKD","A","2000",1832,
"USA","HRWKD","TOT","HR_WKD","A","2001",1811,
"USA","HRWKD","TOT","HR_WKD","A","2002",1806,
"USA","HRWKD","TOT","HR_WKD","A","2003",1796,
"USA","HRWKD","TOT","HR_WKD","A","2004",1798,
"USA","HRWKD","TOT","HR_WKD","A","2005",1794,
"USA","HRWKD","TOT","HR_WKD","A","2006",1796,
"USA","HRWKD","TOT","HR_WKD","A","2007",1795,
"USA","HRWKD","TOT","HR_WKD","A","2008",1786,
"USA","HRWKD","TOT","HR_WKD","A","2009",1760,
"USA","HRWKD","TOT","HR_WKD","A","2010",1772,
"USA","HRWKD","TOT","HR_WKD","A","2011",1778,
"USA","HRWKD","TOT","HR_WKD","A","2012",1782,
"USA","HRWKD","TOT","HR_WKD","A","2013",1780,
"USA","HRWKD","TOT","HR_WKD","A","2014",1782,
"USA","HRWKD","TOT","HR_WKD","A","2015",1783,
"USA","HRWKD","TOT","HR_WKD","A","2016",1778,
"USA","HRWKD","TOT","HR_WKD","A","2017",1778,
"USA","HRWKD","TOT","HR_WKD","A","2018",1783,
"USA","HRWKD","TOT","HR_WKD","A","2019",1779,
"CHL","HRWKD","TOT","HR_WKD","A","1986",2399,
"CHL","HRWKD","TOT","HR_WKD","A","1987",2405,
"CHL","HRWKD","TOT","HR_WKD","A","1988",2411,
"CHL","HRWKD","TOT","HR_WKD","A","1989",2416,
"CHL","HRWKD","TOT","HR_WKD","A","1990",2422,
"CHL","HRWKD","TOT","HR_WKD","A","1991",2419,
"CHL","HRWKD","TOT","HR_WKD","A","1992",2415,
"CHL","HRWKD","TOT","HR_WKD","A","1993",2389,
"CHL","HRWKD","TOT","HR_WKD","A","1994",2364,
"CHL","HRWKD","TOT","HR_WKD","A","1995",2338,
"CHL","HRWKD","TOT","HR_WKD","A","1996",2313,
"CHL","HRWKD","TOT","HR_WKD","A","1997",2256,
"CHL","HRWKD","TOT","HR_WKD","A","1998",2299,
"CHL","HRWKD","TOT","HR_WKD","A","1999",2277,
"CHL","HRWKD","TOT","HR_WKD","A","2000",2263,
"CHL","HRWKD","TOT","HR_WKD","A","2001",2242,
"CHL","HRWKD","TOT","HR_WKD","A","2002",2250,
"CHL","HRWKD","TOT","HR_WKD","A","2003",2235,
"CHL","HRWKD","TOT","HR_WKD","A","2004",2232,
"CHL","HRWKD","TOT","HR_WKD","A","2005",2157,
"CHL","HRWKD","TOT","HR_WKD","A","2006",2165,
"CHL","HRWKD","TOT","HR_WKD","A","2007",2128,
"CHL","HRWKD","TOT","HR_WKD","A","2008",2095,
"CHL","HRWKD","TOT","HR_WKD","A","2009",2074,
"CHL","HRWKD","TOT","HR_WKD","A","2010",2070,
"CHL","HRWKD","TOT","HR_WKD","A","2011",2047,
"CHL","HRWKD","TOT","HR_WKD","A","2012",2024,
"CHL","HRWKD","TOT","HR_WKD","A","2013",2015,
"CHL","HRWKD","TOT","HR_WKD","A","2014",1990,
"CHL","HRWKD","TOT","HR_WKD","A","2015",1988,
"CHL","HRWKD","TOT","HR_WKD","A","2016",1974,
"CHL","HRWKD","TOT","HR_WKD","A","2017",1954,
"CHL","HRWKD","TOT","HR_WKD","A","2018",1940.59999999999,
"CHL","HRWKD","TOT","HR_WKD","A","2019",1914.4,
"EST","HRWKD","TOT","HR_WKD","A","2000",1884,
"EST","HRWKD","TOT","HR_WKD","A","2001",1877,
"EST","HRWKD","TOT","HR_WKD","A","2002",1879,
"EST","HRWKD","TOT","HR_WKD","A","2003",1884,
"EST","HRWKD","TOT","HR_WKD","A","2004",1892,
"EST","HRWKD","TOT","HR_WKD","A","2005",1913,
"EST","HRWKD","TOT","HR_WKD","A","2006",1906,
"EST","HRWKD","TOT","HR_WKD","A","2007",1903,
"EST","HRWKD","TOT","HR_WKD","A","2008",1874,
"EST","HRWKD","TOT","HR_WKD","A","2009",1745,
"EST","HRWKD","TOT","HR_WKD","A","2010",1785,
"EST","HRWKD","TOT","HR_WKD","A","2011",1827,
"EST","HRWKD","TOT","HR_WKD","A","2012",1796,
"EST","HRWKD","TOT","HR_WKD","A","2013",1777,
"EST","HRWKD","TOT","HR_WKD","A","2014",1771,
"EST","HRWKD","TOT","HR_WKD","A","2015",1763,
"EST","HRWKD","TOT","HR_WKD","A","2016",1767,
"EST","HRWKD","TOT","HR_WKD","A","2017",1768,
"EST","HRWKD","TOT","HR_WKD","A","2018",1724,
"EST","HRWKD","TOT","HR_WKD","A","2019",1711,
"ISR","HRWKD","TOT","HR_WKD","A","1981",1966,
"ISR","HRWKD","TOT","HR_WKD","A","1982",1942.3,
"ISR","HRWKD","TOT","HR_WKD","A","1983",1929.09999999999,
"ISR","HRWKD","TOT","HR_WKD","A","1984",1932.2,
"ISR","HRWKD","TOT","HR_WKD","A","1985",1932.09999999999,
"ISR","HRWKD","TOT","HR_WKD","A","1986",1927,
"ISR","HRWKD","TOT","HR_WKD","A","1987",1921.2,
"ISR","HRWKD","TOT","HR_WKD","A","1988",1878.09999999999,
"ISR","HRWKD","TOT","HR_WKD","A","1989",1909.09999999999,
"ISR","HRWKD","TOT","HR_WKD","A","1990",1904,
"ISR","HRWKD","TOT","HR_WKD","A","1991",1897.3,
"ISR","HRWKD","TOT","HR_WKD","A","1992",1951.2,
"ISR","HRWKD","TOT","HR_WKD","A","1993",1953,
"ISR","HRWKD","TOT","HR_WKD","A","1994",1993.09999999999,
"ISR","HRWKD","TOT","HR_WKD","A","1995",2013.8,
"ISR","HRWKD","TOT","HR_WKD","A","1996",2031,
"ISR","HRWKD","TOT","HR_WKD","A","1997",2036.3,
"ISR","HRWKD","TOT","HR_WKD","A","1998",2011.9,
"ISR","HRWKD","TOT","HR_WKD","A","1999",2021.08999999999,
"ISR","HRWKD","TOT","HR_WKD","A","2000",2032.9,
"ISR","HRWKD","TOT","HR_WKD","A","2001",1996.09999999999,
"ISR","HRWKD","TOT","HR_WKD","A","2002",2014.3,
"ISR","HRWKD","TOT","HR_WKD","A","2003",1997.5,
"ISR","HRWKD","TOT","HR_WKD","A","2004",1975,
"ISR","HRWKD","TOT","HR_WKD","A","2005",1966.4,
"ISR","HRWKD","TOT","HR_WKD","A","2006",1955,
"ISR","HRWKD","TOT","HR_WKD","A","2007",1966.5,
"ISR","HRWKD","TOT","HR_WKD","A","2008",1963.3,
"ISR","HRWKD","TOT","HR_WKD","A","2009",1962.5,
"ISR","HRWKD","TOT","HR_WKD","A","2010",1956.5,
"ISR","HRWKD","TOT","HR_WKD","A","2011",1947.2,
"ISR","HRWKD","TOT","HR_WKD","A","2012",1918.8,
"ISR","HRWKD","TOT","HR_WKD","A","2013",1908.2,
"ISR","HRWKD","TOT","HR_WKD","A","2014",1894.5,
"ISR","HRWKD","TOT","HR_WKD","A","2015",1895.4,
"ISR","HRWKD","TOT","HR_WKD","A","2016",1922.09999999999,
"ISR","HRWKD","TOT","HR_WKD","A","2017",1918,
"ISR","HRWKD","TOT","HR_WKD","A","2018",1910.09999999999,
"ISR","HRWKD","TOT","HR_WKD","A","2019",1898.09999999999,
"RUS","HRWKD","TOT","HR_WKD","A","1992",1933,
"RUS","HRWKD","TOT","HR_WKD","A","1993",1939,
"RUS","HRWKD","TOT","HR_WKD","A","1994",1895,
"RUS","HRWKD","TOT","HR_WKD","A","1995",1891,
"RUS","HRWKD","TOT","HR_WKD","A","1996",1894,
"RUS","HRWKD","TOT","HR_WKD","A","1997",1951,
"RUS","HRWKD","TOT","HR_WKD","A","1998",1946,
"RUS","HRWKD","TOT","HR_WKD","A","1999",1964,
"RUS","HRWKD","TOT","HR_WKD","A","2000",1982,
"RUS","HRWKD","TOT","HR_WKD","A","2001",1980,
"RUS","HRWKD","TOT","HR_WKD","A","2002",1982,
"RUS","HRWKD","TOT","HR_WKD","A","2003",1993,
"RUS","HRWKD","TOT","HR_WKD","A","2004",1993,
"RUS","HRWKD","TOT","HR_WKD","A","2005",1989,
"RUS","HRWKD","TOT","HR_WKD","A","2006",1998,
"RUS","HRWKD","TOT","HR_WKD","A","2007",1999,
"RUS","HRWKD","TOT","HR_WKD","A","2008",1997,
"RUS","HRWKD","TOT","HR_WKD","A","2009",1974,
"RUS","HRWKD","TOT","HR_WKD","A","2010",1976,
"RUS","HRWKD","TOT","HR_WKD","A","2011",1979,
"RUS","HRWKD","TOT","HR_WKD","A","2012",1982,
"RUS","HRWKD","TOT","HR_WKD","A","2013",1980,
"RUS","HRWKD","TOT","HR_WKD","A","2014",1985,
"RUS","HRWKD","TOT","HR_WKD","A","2015",1978,
"RUS","HRWKD","TOT","HR_WKD","A","2016",1974,
"RUS","HRWKD","TOT","HR_WKD","A","2017",1979,
"RUS","HRWKD","TOT","HR_WKD","A","2018",1970,
"RUS","HRWKD","TOT","HR_WKD","A","2019",1965,
"SVN","HRWKD","TOT","HR_WKD","A","1995",1755,
"SVN","HRWKD","TOT","HR_WKD","A","1996",1727,
"SVN","HRWKD","TOT","HR_WKD","A","1997",1715,
"SVN","HRWKD","TOT","HR_WKD","A","1998",1728,
"SVN","HRWKD","TOT","HR_WKD","A","1999",1730,
"SVN","HRWKD","TOT","HR_WKD","A","2000",1710.09999999999,
"SVN","HRWKD","TOT","HR_WKD","A","2001",1695.9,
"SVN","HRWKD","TOT","HR_WKD","A","2002",1720.5,
"SVN","HRWKD","TOT","HR_WKD","A","2003",1723.8,
"SVN","HRWKD","TOT","HR_WKD","A","2004",1736.5,
"SVN","HRWKD","TOT","HR_WKD","A","2005",1696.59999999999,
"SVN","HRWKD","TOT","HR_WKD","A","2006",1667.4,
"SVN","HRWKD","TOT","HR_WKD","A","2007",1654.9,
"SVN","HRWKD","TOT","HR_WKD","A","2008",1673.5,
"SVN","HRWKD","TOT","HR_WKD","A","2009",1679,
"SVN","HRWKD","TOT","HR_WKD","A","2010",1680.3,
"SVN","HRWKD","TOT","HR_WKD","A","2011",1663.4,
"SVN","HRWKD","TOT","HR_WKD","A","2012",1644.3,
"SVN","HRWKD","TOT","HR_WKD","A","2013",1662.2,
"SVN","HRWKD","TOT","HR_WKD","A","2014",1681.8,
"SVN","HRWKD","TOT","HR_WKD","A","2015",1687.3,
"SVN","HRWKD","TOT","HR_WKD","A","2016",1652.4,
"SVN","HRWKD","TOT","HR_WKD","A","2017",1621.5,
"SVN","HRWKD","TOT","HR_WKD","A","2018",1598.7,
"SVN","HRWKD","TOT","HR_WKD","A","2019",1592.9,
"OECD","HRWKD","TOT","HR_WKD","A","1970",1951,
"OECD","HRWKD","TOT","HR_WKD","A","1971",1943,
"OECD","HRWKD","TOT","HR_WKD","A","1972",1934,
"OECD","HRWKD","TOT","HR_WKD","A","1973",1931,
"OECD","HRWKD","TOT","HR_WKD","A","1974",1910,
"OECD","HRWKD","TOT","HR_WKD","A","1975",1898,
"OECD","HRWKD","TOT","HR_WKD","A","1976",1900,
"OECD","HRWKD","TOT","HR_WKD","A","1977",1896,
"OECD","HRWKD","TOT","HR_WKD","A","1978",1887,
"OECD","HRWKD","TOT","HR_WKD","A","1979",1883,
"OECD","HRWKD","TOT","HR_WKD","A","1980",1873,
"OECD","HRWKD","TOT","HR_WKD","A","1981",1864,
"OECD","HRWKD","TOT","HR_WKD","A","1982",1857,
"OECD","HRWKD","TOT","HR_WKD","A","1983",1857,
"OECD","HRWKD","TOT","HR_WKD","A","1984",1858,
"OECD","HRWKD","TOT","HR_WKD","A","1985",1856,
"OECD","HRWKD","TOT","HR_WKD","A","1986",1852,
"OECD","HRWKD","TOT","HR_WKD","A","1987",1853,
"OECD","HRWKD","TOT","HR_WKD","A","1988",1853,
"OECD","HRWKD","TOT","HR_WKD","A","1989",1852,
"OECD","HRWKD","TOT","HR_WKD","A","1990",1839,
"OECD","HRWKD","TOT","HR_WKD","A","1991",1831,
"OECD","HRWKD","TOT","HR_WKD","A","1992",1829,
"OECD","HRWKD","TOT","HR_WKD","A","1993",1823,
"OECD","HRWKD","TOT","HR_WKD","A","1994",1826,
"OECD","HRWKD","TOT","HR_WKD","A","1995",1822,
"OECD","HRWKD","TOT","HR_WKD","A","1996",1827,
"OECD","HRWKD","TOT","HR_WKD","A","1997",1826,
"OECD","HRWKD","TOT","HR_WKD","A","1998",1818,
"OECD","HRWKD","TOT","HR_WKD","A","1999",1818,
"OECD","HRWKD","TOT","HR_WKD","A","2000",1807,
"OECD","HRWKD","TOT","HR_WKD","A","2001",1793,
"OECD","HRWKD","TOT","HR_WKD","A","2002",1789,
"OECD","HRWKD","TOT","HR_WKD","A","2003",1781,
"OECD","HRWKD","TOT","HR_WKD","A","2004",1780,
"OECD","HRWKD","TOT","HR_WKD","A","2005",1776,
"OECD","HRWKD","TOT","HR_WKD","A","2006",1775,
"OECD","HRWKD","TOT","HR_WKD","A","2007",1772,
"OECD","HRWKD","TOT","HR_WKD","A","2008",1769,
"OECD","HRWKD","TOT","HR_WKD","A","2009",1734,
"OECD","HRWKD","TOT","HR_WKD","A","2010",1755,
"OECD","HRWKD","TOT","HR_WKD","A","2011",1754,
"OECD","HRWKD","TOT","HR_WKD","A","2012",1752,
"OECD","HRWKD","TOT","HR_WKD","A","2013",1748,
"OECD","HRWKD","TOT","HR_WKD","A","2014",1746,
"OECD","HRWKD","TOT","HR_WKD","A","2015",1745,
"OECD","HRWKD","TOT","HR_WKD","A","2016",1745,
"OECD","HRWKD","TOT","HR_WKD","A","2017",1739,
"OECD","HRWKD","TOT","HR_WKD","A","2018",1735,
"OECD","HRWKD","TOT","HR_WKD","A","2019",1726,
"LVA","HRWKD","TOT","HR_WKD","A","2000",1760,
"LVA","HRWKD","TOT","HR_WKD","A","2001",1770,
"LVA","HRWKD","TOT","HR_WKD","A","2002",1726,
"LVA","HRWKD","TOT","HR_WKD","A","2003",1717,
"LVA","HRWKD","TOT","HR_WKD","A","2004",1673,
"LVA","HRWKD","TOT","HR_WKD","A","2005",1697,
"LVA","HRWKD","TOT","HR_WKD","A","2006",1698,
"LVA","HRWKD","TOT","HR_WKD","A","2007",1673,
"LVA","HRWKD","TOT","HR_WKD","A","2008",1783,
"LVA","HRWKD","TOT","HR_WKD","A","2009",1739,
"LVA","HRWKD","TOT","HR_WKD","A","2010",1723,
"LVA","HRWKD","TOT","HR_WKD","A","2011",1738,
"LVA","HRWKD","TOT","HR_WKD","A","2012",1723,
"LVA","HRWKD","TOT","HR_WKD","A","2013",1717,
"LVA","HRWKD","TOT","HR_WKD","A","2014",1726,
"LVA","HRWKD","TOT","HR_WKD","A","2015",1694,
"LVA","HRWKD","TOT","HR_WKD","A","2016",1694,
"LVA","HRWKD","TOT","HR_WKD","A","2017",1680,
"LVA","HRWKD","TOT","HR_WKD","A","2018",1692,
"LVA","HRWKD","TOT","HR_WKD","A","2019",1661,
"LTU","HRWKD","TOT","HR_WKD","A","2000",1601,
"LTU","HRWKD","TOT","HR_WKD","A","2001",1588,
"LTU","HRWKD","TOT","HR_WKD","A","2002",1563,
"LTU","HRWKD","TOT","HR_WKD","A","2003",1549,
"LTU","HRWKD","TOT","HR_WKD","A","2004",1629,
"LTU","HRWKD","TOT","HR_WKD","A","2005",1629,
"LTU","HRWKD","TOT","HR_WKD","A","2006",1625,
"LTU","HRWKD","TOT","HR_WKD","A","2007",1651,
"LTU","HRWKD","TOT","HR_WKD","A","2008",1677,
"LTU","HRWKD","TOT","HR_WKD","A","2009",1615,
"LTU","HRWKD","TOT","HR_WKD","A","2010",1666,
"LTU","HRWKD","TOT","HR_WKD","A","2011",1644,
"LTU","HRWKD","TOT","HR_WKD","A","2012",1642,
"LTU","HRWKD","TOT","HR_WKD","A","2013",1628,
"LTU","HRWKD","TOT","HR_WKD","A","2014",1620,
"LTU","HRWKD","TOT","HR_WKD","A","2015",1643,
"LTU","HRWKD","TOT","HR_WKD","A","2016",1664,
"LTU","HRWKD","TOT","HR_WKD","A","2017",1627,
"LTU","HRWKD","TOT","HR_WKD","A","2018",1634,
"LTU","HRWKD","TOT","HR_WKD","A","2019",1635,
"CRI","HRWKD","TOT","HR_WKD","A","1987",2366,
"CRI","HRWKD","TOT","HR_WKD","A","1988",2346,
"CRI","HRWKD","TOT","HR_WKD","A","1989",2307,
"CRI","HRWKD","TOT","HR_WKD","A","1990",2358,
"CRI","HRWKD","TOT","HR_WKD","A","1991",2272,
"CRI","HRWKD","TOT","HR_WKD","A","1992",2359,
"CRI","HRWKD","TOT","HR_WKD","A","1993",2346,
"CRI","HRWKD","TOT","HR_WKD","A","1994",2370,
"CRI","HRWKD","TOT","HR_WKD","A","1995",2345,
"CRI","HRWKD","TOT","HR_WKD","A","1996",2387,
"CRI","HRWKD","TOT","HR_WKD","A","1997",2365,
"CRI","HRWKD","TOT","HR_WKD","A","1998",2356,
"CRI","HRWKD","TOT","HR_WKD","A","1999",2370,
"CRI","HRWKD","TOT","HR_WKD","A","2000",2362,
"CRI","HRWKD","TOT","HR_WKD","A","2001",2329,
"CRI","HRWKD","TOT","HR_WKD","A","2002",2357,
"CRI","HRWKD","TOT","HR_WKD","A","2003",2350,
"CRI","HRWKD","TOT","HR_WKD","A","2004",2369,
"CRI","HRWKD","TOT","HR_WKD","A","2005",2352,
"CRI","HRWKD","TOT","HR_WKD","A","2006",2360,
"CRI","HRWKD","TOT","HR_WKD","A","2007",2387,
"CRI","HRWKD","TOT","HR_WKD","A","2008",2392,
"CRI","HRWKD","TOT","HR_WKD","A","2009",2348,
"CRI","HRWKD","TOT","HR_WKD","A","2010",2243.09999999999,
"CRI","HRWKD","TOT","HR_WKD","A","2011",2285.3,
"CRI","HRWKD","TOT","HR_WKD","A","2012",2233.4,
"CRI","HRWKD","TOT","HR_WKD","A","2013",2140.59999999999,
"CRI","HRWKD","TOT","HR_WKD","A","2014",2121.69999999999,
"CRI","HRWKD","TOT","HR_WKD","A","2015",2148.19999999999,
"CRI","HRWKD","TOT","HR_WKD","A","2016",2204.69999999999,
"CRI","HRWKD","TOT","HR_WKD","A","2017",2178.9,
"CRI","HRWKD","TOT","HR_WKD","A","2018",2121,
"CRI","HRWKD","TOT","HR_WKD","A","2019",2059.59999999999,
